MAE,MSE,RMSE,R²,NmeDF,0
0.6456743841814848,0.7608604618897867,0.8722731578409293,0.9956788234553604,RNN,
0.542350030676719,0.715323767862292,0.8457681525467201,0.995937441301875,RNN,
0.7425355871469697,0.8868647247000452,0.9417349545918136,0.9949632038480176,RNN,
0.6041812964597363,0.7615162126707358,0.8726489630262193,0.9956750992312278,RNN,
46.51385653191458,2331.821604734625,48.288938741026655,-12.24318101592012,LSTM,
46.517352962833975,2332.1840826828156,48.29269181442277,-12.245239647280439,LSTM,
46.50249514116923,2330.8115071593224,48.27847871629058,-12.237444339921273,LSTM,
46.52473781988939,2332.7903852173918,48.29896878006188,-12.24868303857568,LSTM,
,,,,LSTM_0,0.11557281980005882
