Modelo,Durbin-Watson
GRU,1.9449137272957562
SVM,1.911805351964625
LSTM,1.5985634542749008
SVR,1.9304398536338665
