Modelo,MSE_Treino,MAE_Treino,MSE_Teste,MAE_Teste
LSTM,0.0006864528907283968,0.01799560043574853,0.000482895531816434,0.015160255589116814
GRU,0.0007565519763410742,0.01952865611335545,0.0005457083002440669,0.01672952622462244
SVR,0.00264548299321753,0.04443996040309485,0.0027054936598496487,0.045926477028685804
LSTM,0.0011412145324648706,0.023780210541453198,0.0009270409017676255,0.020059737261651778
GRU,0.001047042126045404,0.02237001043688617,0.0007905889930424856,0.018698109510812598
SVR,0.0022990224030149686,0.041307435821705124,0.0024291574823117794,0.04357899921027909
