Modelo,MSE_Treino,MAE_Treino,MSE_Teste,MAE_Teste
LSTM,0.0007201996811497674,0.01908424222325277,0.0005124676374650901,0.016328693112994445
GRU,0.0008030571935411744,0.020501843260954725,0.0006127996783598703,0.018608171452329274
SVR,0.00264548299321753,0.04443996040309485,0.0027054936598496487,0.045926477028685804
LSTM,0.0010615051180272212,0.022533736304491677,0.0008287232920557765,0.019355639705865672
GRU,0.0010782441024939646,0.02288881437880449,0.0008339576235374394,0.01866306216933076
SVR,0.0022990224030149686,0.041307435821705124,0.0024291574823117794,0.04357899921027909
