Modelo,MSE_Treino,MAE_Treino,MSE_Teste,MAE_Teste
LSTM,0.0007707714036152493,0.021250811305904522,0.0005983540945299077,0.01942809258350231
GRU,0.0006901344044122366,0.018769642269178252,0.0004976502095914678,0.01627436959690527
SVR,0.00264548299321753,0.04443996040309485,0.0027054936598496487,0.045926477028685804
LSTM,0.0013336291404814089,0.02909008638862315,0.001109505073562192,0.026790926178201575
GRU,0.0010374827706745066,0.022673083627856815,0.0008105637971504543,0.019498895177446497
SVR,0.0022990224030149686,0.041307435821705124,0.0024291574823117794,0.04357899921027909
