Modelo,MSE_Treino,MAE_Treino,MSE_Teste,MAE_Teste
LSTM,0.0011570212838788547,0.02493480653334829,0.0009414460977203267,0.021135671692111637
GRU,0.0010753894152391705,0.021929304287947027,0.0008268680135122158,0.017895334935882166
SVR,0.0022990224030149686,0.041307435821705124,0.0024291574823117794,0.04357899921027909
LSTM,0.0007793657425052554,0.01965317456520929,0.0005548573526677436,0.01685158943631025
GRU,0.0006646531254834523,0.017435382373765535,0.0004692680771900724,0.014934665794330983
SVR,0.00264548299321753,0.04443996040309485,0.0027054936598496487,0.045926477028685804
