Modelo,MSE_Treino,MAE_Treino,MSE_Teste,MAE_Teste
LSTM,0.0009490700966216552,0.02236244775890972,0.0006960365625540444,0.01922905782500003
GRU,0.0007207589946740034,0.018685066776933743,0.0005128961835648936,0.016040919659088746
SVR,0.00264548299321753,0.04443996040309485,0.0027054936598496487,0.045926477028685804
LSTM,0.001084969612115146,0.02344145181632127,0.0008474822603667869,0.01993489711737668
GRU,0.0010622546802176742,0.022813763116227414,0.0007991404739168098,0.019067072821842043
SVR,0.0022990224030149686,0.041307435821705124,0.0024291574823117794,0.04357899921027909
