Modelo,MSE_Treino,MAE_Treino,MSE_Teste,MAE_Teste
LSTM,0.0007074623574316647,0.018238434622993474,0.0005116805312120766,0.015569657658154516
GRU,0.0007215576554405951,0.01848810843780676,0.0004971597553342014,0.01547585024082216
SVR,0.00264548299321753,0.04443996040309485,0.0027054936598496487,0.045926477028685804
LSTM,0.0011241829688775598,0.02321597033895521,0.0009135892044592609,0.019060971614879095
GRU,0.001051338087525839,0.021636921092646345,0.0008214780015507677,0.017572586933102426
SVR,0.0022990224030149686,0.041307435821705124,0.0024291574823117794,0.04357899921027909
