Modelo,MSE_Treino,MAE_Treino,MSE_Teste,MAE_Teste
LSTM,0.0007042456111133756,0.019287371668792554,0.0005149330963968349,0.016693443392367415
GRU,0.000713860659079781,0.01826936320395179,0.00050142287860074,0.015293607005568
SVR,0.00264548299321753,0.04443996040309485,0.0027054936598496487,0.045926477028685804
LSTM,0.0010564251764664796,0.02345029025497219,0.0008217778065826461,0.020218943448776654
GRU,0.0010751248122937566,0.022200066021251283,0.0008539156123352744,0.018079896824409664
SVR,0.0022990224030149686,0.041307435821705124,0.0024291574823117794,0.04357899921027909
