Modelo,MSE_Treino,MAE_Treino,MSE_Teste,MAE_Teste
LSTM,0.0007394575779007181,0.019981975473998624,0.0005599983185142666,0.0178842013965155
GRU,0.0006979743614190332,0.018286911966123573,0.0005106595126014497,0.016210614824750648
SVR,0.00264548299321753,0.04443996040309485,0.0027054936598496487,0.045926477028685804
LSTM,0.001028715223187855,0.022120298868202798,0.0008008677696510942,0.018692089183018623
GRU,0.0011357613537503694,0.023974228751447516,0.0009154147517771598,0.020518745889567553
SVR,0.0022990224030149686,0.041307435821705124,0.0024291574823117794,0.04357899921027909
