Modelo,MSE_Treino,MAE_Treino,MSE_Teste,MAE_Teste
LSTM,0.0007856599170410055,0.020955113161491568,0.0005699287706718211,0.018073748468055578
GRU,0.000675981125932652,0.017569311832048136,0.0004800609585336888,0.01514826570880488
SVR,0.00264548299321753,0.04443996040309485,0.0027054936598496487,0.045926477028685804
LSTM,0.0010281655016689708,0.021732283592973405,0.0007902752746421928,0.017920797041281092
GRU,0.001409522558746863,0.028752847625536277,0.0012092116454614772,0.02649757903590089
SVR,0.0022990224030149686,0.041307435821705124,0.0024291574823117794,0.04357899921027909
