Modelo,MSE_Treino,MAE_Treino,MSE_Teste,MAE_Teste
LSTM,0.0007020990242474691,0.017940965521701012,0.0004919463641061139,0.015018414439964331
GRU,0.0007626052209661883,0.01938407675944387,0.0005578017307751669,0.017078483799207057
SVR,0.00264548299321753,0.04443996040309485,0.0027054936598496487,0.045926477028685804
LSTM,0.0011747473794471433,0.0254671474844554,0.0009179161326144914,0.02208945359082987
GRU,0.0010457415410178594,0.021823885957392795,0.000775665913580763,0.017733639793621452
SVR,0.0022990224030149686,0.041307435821705124,0.0024291574823117794,0.04357899921027909
