Modelo,MSE_Treino,MAE_Treino,MSE_Teste,MAE_Teste
LSTM,0.0006766843030827152,0.01776194184141949,0.0004776696961586443,0.015021518766316053
GRU,0.000711786483021287,0.019163158896274058,0.0005241503683627213,0.016792273903217757
SVR,0.00264548299321753,0.04443996040309485,0.0027054936598496487,0.045926477028685804
LSTM,0.0015979307664415615,0.03306862825754612,0.0013863622059671198,0.0314498530596567
GRU,0.001325325677206579,0.02701325343293109,0.001133241840968761,0.024185947415680573
SVR,0.0022990224030149686,0.041307435821705124,0.0024291574823117794,0.04357899921027909
