Modelo,MSE_Treino,MAE_Treino,MSE_Teste,MAE_Teste
LSTM,0.0007075355468337222,0.018959604462345042,0.0005381143323841785,0.017057264398981833
GRU,0.0007193030889915443,0.019578133929789666,0.0005182842594202096,0.017113551200614516
SVR,0.00264548299321753,0.04443996040309485,0.0027054936598496487,0.045926477028685804
LSTM,0.001037656205021786,0.02256802863870595,0.0007943757537455071,0.01869319123551514
GRU,0.0010847830362144303,0.022470972132489938,0.0008580004719030798,0.018545861779003598
SVR,0.0022990224030149686,0.041307435821705124,0.0024291574823117794,0.04357899921027909
