Modelo,MSE_Treino,MAE_Treino,MSE_Teste,MAE_Teste
LSTM,0.0007267303174313294,0.019092416591879848,0.0005107014654349075,0.016253077910840928
GRU,0.0007424857300968849,0.019263624732876447,0.0005427054007545944,0.016750162463885977
SVR,0.00264548299321753,0.04443996040309485,0.0027054936598496487,0.045926477028685804
LSTM,0.0013118563843856354,0.028549618607525522,0.0010814322216533359,0.026075668539206957
GRU,0.001045976983044954,0.021677018809146013,0.0008227062439871057,0.017956567630827164
SVR,0.0022990224030149686,0.041307435821705124,0.0024291574823117794,0.04357899921027909
