Modelo,MSE_Treino,MAE_Treino,MSE_Teste,MAE_Teste
LSTM,0.00112126066997414,0.026007820288615594,0.0009144458786400507,0.02330506057936043
GRU,0.0012215939957635525,0.0247430665271083,0.0009860512292096612,0.02123334675353777
SVR,0.0022990224030149686,0.041307435821705124,0.0024291574823117794,0.04357899921027909
LSTM,0.0007586854908766805,0.02108154169301378,0.0005989727265469167,0.019349276648280924
GRU,0.0006950460159201797,0.018823300877411787,0.0005140330407840731,0.016816829766944204
SVR,0.00264548299321753,0.04443996040309485,0.0027054936598496487,0.045926477028685804
