Modelo,MSE_Treino,MAE_Treino,MSE_Teste,MAE_Teste
LSTM,0.0007263372995276978,0.0183939477986693,0.0005040873671829179,0.015412198952377786
GRU,0.0006869306374727376,0.018070841101433116,0.0004992498939044294,0.015729614168961452
SVR,0.00264548299321753,0.04443996040309485,0.0027054936598496487,0.045926477028685804
LSTM,0.0011561703878375583,0.023534371608903912,0.0009836419065583917,0.02017251436199263
GRU,0.0010401346053472795,0.021934732299341134,0.0008075932606208119,0.018407475811607284
SVR,0.0022990224030149686,0.041307435821705124,0.0024291574823117794,0.04357899921027909
