Modelo,MSE_Treino,MAE_Treino,MSE_Teste,MAE_Teste
LSTM,0.0007636993332810712,0.01981177217384185,0.0005454600176317149,0.016779338840670167
GRU,0.0007550000223471966,0.019685096625908054,0.0005377621241546131,0.01675938120664223
SVR,0.00264548299321753,0.04443996040309485,0.0027054936598496487,0.045926477028685804
LSTM,0.0013134862335105418,0.028606030935294877,0.001100321546976335,0.026334754661793736
GRU,0.0011190194124298493,0.02299570610815286,0.0009086320081114797,0.019118221141655945
SVR,0.0022990224030149686,0.041307435821705124,0.0024291574823117794,0.04357899921027909
