Modelo,MSE_Treino,MAE_Treino,MSE_Teste,MAE_Teste
LSTM,0.0007554707245458794,0.01933121920660968,0.0005288343519439911,0.016418827291015094
GRU,0.0006764705261899106,0.017827945110823494,0.00048774453260675446,0.015685906942161338
SVR,0.00264548299321753,0.04443996040309485,0.0027054936598496487,0.045926477028685804
LSTM,0.0010320329464874693,0.02170350771965765,0.0008135765060904255,0.017904995664000375
GRU,0.0010796245604477962,0.021529447686574568,0.0008190781671192257,0.017072759738466316
SVR,0.0022990224030149686,0.041307435821705124,0.0024291574823117794,0.04357899921027909
