Modelo,MSE_Treino,MAE_Treino,MSE_Teste,MAE_Teste
LSTM,0.0007421112651425015,0.02084851636046641,0.0005598452710573998,0.018539615390783512
GRU,0.0006711275769215908,0.01802748703300376,0.0004720281321105987,0.015601604837480106
SVR,0.00264548299321753,0.04443996040309485,0.0027054936598496487,0.045926477028685804
LSTM,0.0011741301663254734,0.026385419355711752,0.0009441696072465217,0.023400085024227472
GRU,0.0010497947207091956,0.021626576941296948,0.0008139641666721078,0.017832754383077333
SVR,0.0022990224030149686,0.041307435821705124,0.0024291574823117794,0.04357899921027909
