Modelo,MSE_Treino,MAE_Treino,MSE_Teste,MAE_Teste
LSTM,0.0009574016785101424,0.024969038087553415,0.0007858270709712743,0.023538310944864804
GRU,0.0006984527068669234,0.018387594430989498,0.0005120318394649155,0.015905666344470024
SVR,0.00264548299321753,0.04443996040309485,0.0027054936598496487,0.045926477028685804
LSTM,0.0010360607389771407,0.02156168930424815,0.000817327053876672,0.01774465957220386
GRU,0.0010417562771603875,0.02293832725589545,0.0008222503366767338,0.02016068667859458
SVR,0.0022990224030149686,0.041307435821705124,0.0024291574823117794,0.04357899921027909
