Modelo,MSE_Treino,MAE_Treino,MSE_Teste,MAE_Teste
LSTM,0.0006952855949252659,0.018172760879519002,0.0004973149541037422,0.015393167733642563
GRU,0.0007513611740356508,0.020261682294028978,0.0005914575915356172,0.01863157436731022
SVR,0.00264548299321753,0.04443996040309485,0.0027054936598496487,0.045926477028685804
LSTM,0.0010447065618462439,0.021818061076328582,0.0008379101246481026,0.017963633486478482
GRU,0.0010704437430989,0.02181792194966868,0.0008425663093409929,0.01776736169591919
SVR,0.0022990224030149686,0.041307435821705124,0.0024291574823117794,0.04357899921027909
