Modelo,MSE_Treino,MAE_Treino,MSE_Teste,MAE_Teste
LSTM,0.000722841797842281,0.019810759911443765,0.0005455524197373003,0.017716871666369247
GRU,0.0007335685612740073,0.01995819319428058,0.0005753515507249208,0.018449555921652035
SVR,0.00264548299321753,0.04443996040309485,0.0027054936598496487,0.045926477028685804
LSTM,0.001056565787387111,0.021558152699428037,0.0008348460127513359,0.017407193431331288
GRU,0.0013606552575283332,0.027761366959736945,0.00119154478871098,0.025416613269012338
SVR,0.0022990224030149686,0.041307435821705124,0.0024291574823117794,0.04357899921027909
