Modelo,MSE_Treino,MAE_Treino,MSE_Teste,MAE_Teste
LSTM,0.0009167168746568137,0.02295803334982177,0.0006751556924723768,0.019913665868924055
GRU,0.0006808331716392211,0.018242926310894983,0.0004986153172140954,0.016207556234973282
SVR,0.00264548299321753,0.04443996040309485,0.0027054936598496487,0.045926477028685804
LSTM,0.0010740647774767935,0.022268415031079705,0.000881096518500919,0.019398570550184176
GRU,0.0011224875955594344,0.025428236567826615,0.0008655927951008869,0.022179454893442693
SVR,0.0022990224030149686,0.041307435821705124,0.0024291574823117794,0.04357899921027909
