Modelo,MSE_Treino,MAE_Treino,MSE_Teste,MAE_Teste
LSTM,0.0007241589709743684,0.019471040050264024,0.0005193920717843466,0.01662936033794334
GRU,0.0006676723763048862,0.017918377469979714,0.0004797408907496678,0.015607079172471169
SVR,0.00264548299321753,0.04443996040309485,0.0027054936598496487,0.045926477028685804
LSTM,0.001114603753459589,0.024916899359909157,0.0008659144957386142,0.021297464446669627
GRU,0.001029886786265861,0.02205205410247131,0.0008012334167825339,0.018824320011107232
SVR,0.0022990224030149686,0.041307435821705124,0.0024291574823117794,0.04357899921027909
