Modelo,MSE_Treino,MAE_Treino,MSE_Teste,MAE_Teste
LSTM,0.0006935319428126871,0.017746429923050647,0.0004827460160714803,0.014995662277152991
GRU,0.0007151847886826442,0.01880005156749067,0.0005110570523441862,0.01613169564243894
SVR,0.00264548299321753,0.04443996040309485,0.0027054936598496487,0.045926477028685804
LSTM,0.001085743336156522,0.024082565050296764,0.0008691778970861038,0.021252281703061877
GRU,0.0011403963088033378,0.02447303334091284,0.0009049768893762682,0.020617656629018734
SVR,0.0022990224030149686,0.041307435821705124,0.0024291574823117794,0.04357899921027909
