Modelo,MSE_Treino,MAE_Treino,MSE_Teste,MAE_Teste
LSTM,0.0007217176995954734,0.019010181799394957,0.0005135721422535345,0.016201792931409276
GRU,0.0007335221226603332,0.019334679677409327,0.0005203873139728044,0.016581131429362392
SVR,0.00264548299321753,0.04443996040309485,0.0027054936598496487,0.045926477028685804
LSTM,0.0010513636428484692,0.02258902955668613,0.0008331754496415866,0.019804089510893186
GRU,0.0010864784491252707,0.02175472630560676,0.0008355284517057336,0.0171818389384215
SVR,0.0022990224030149686,0.041307435821705124,0.0024291574823117794,0.04357899921027909
