Modelo,MSE_Treino,MAE_Treino,MSE_Teste,MAE_Teste
LSTM,0.0007854790212058175,0.019881700894542085,0.0005769845856995155,0.017457156079295304
GRU,0.0007107137260384449,0.018779206805358453,0.0005120554511700583,0.0161849481130946
SVR,0.00264548299321753,0.04443996040309485,0.0027054936598496487,0.045926477028685804
LSTM,0.001049773956060494,0.02321653501383104,0.0008207703256622193,0.02011132409756725
GRU,0.0011221601636835128,0.023439091311060367,0.000911143224033438,0.01964627092328721
SVR,0.0022990224030149686,0.041307435821705124,0.0024291574823117794,0.04357899921027909
