Modelo,MSE_Treino,MAE_Treino,MSE_Teste,MAE_Teste
LSTM,0.0007713900345770696,0.021590892870570918,0.0006097746989614606,0.019858550273685646
GRU,0.0006906232386655433,0.0186631475867822,0.000508618339717735,0.01658410007739854
SVR,0.00264548299321753,0.04443996040309485,0.0027054936598496487,0.045926477028685804
LSTM,0.001038234443279956,0.023137178427977852,0.0008102255012666333,0.01969328825558122
GRU,0.0011205831697352628,0.024122417835957637,0.0008614377452643428,0.020847466804091337
SVR,0.0022990224030149686,0.041307435821705124,0.0024291574823117794,0.04357899921027909
