Modelo,MSE_Treino,MAE_Treino,MSE_Teste,MAE_Teste
LSTM,0.0010681995586625931,0.021962505371347182,0.0008535722564164734,0.018165467781435334
GRU,0.0010354444590459525,0.022375310916671446,0.0007913410307103182,0.01902865676197826
SVR,0.0022990224030149686,0.041307435821705124,0.0024291574823117794,0.04357899921027909
LSTM,0.0007368365068732309,0.019790157351635054,0.0005317426263618743,0.016887832580727978
GRU,0.0006798647464394504,0.017896672436210313,0.0004817913107246192,0.01542592319511592
SVR,0.00264548299321753,0.04443996040309485,0.0027054936598496487,0.045926477028685804
