Modelo,MSE_Treino,MAE_Treino,MSE_Teste,MAE_Teste
LSTM,0.0010231835730038056,0.02196357616849233,0.0008026068064574391,0.018408741332045345
GRU,0.0012437227815874261,0.027308901863339133,0.000993610458574271,0.024582199835998155
SVR,0.0022990224030149686,0.041307435821705124,0.0024291574823117794,0.04357899921027909
LSTM,0.0007283215252656242,0.01910237697812012,0.0005252784820176062,0.01646051247888449
GRU,0.0007333154423812809,0.019762607068722782,0.0005480665683316203,0.01773817827217591
SVR,0.00264548299321753,0.04443996040309485,0.0027054936598496487,0.045926477028685804
