Modelo,MSE_Treino,MAE_Treino,MSE_Teste,MAE_Teste
LSTM,0.0010461872624696034,0.02235546050665377,0.0008201995813738155,0.01894384500977253
GRU,0.0010666439011407652,0.021819722742685375,0.000838363596915852,0.01767371481571408
SVR,0.0022990224030149686,0.041307435821705124,0.0024291574823117794,0.04357899921027909
LSTM,0.00102808555788014,0.02470970639892597,0.0007870405047365882,0.0220092167549599
GRU,0.0006932874976902785,0.01917330306193411,0.0005194800169929788,0.017322668106987293
SVR,0.00264548299321753,0.04443996040309485,0.0027054936598496487,0.045926477028685804
