Modelo,MSE_Treino,MAE_Treino,MSE_Teste,MAE_Teste
LSTM,0.0007664233593214647,0.020110916436811174,0.0005447316934866233,0.017159162033334185
GRU,0.0008025548972732337,0.02021393624922968,0.0005588441485567664,0.017093841424330215
SVR,0.00264548299321753,0.04443996040309485,0.0027054936598496487,0.045926477028685804
LSTM,0.0012981512517073175,0.02785916896366458,0.0010760529163298062,0.025673697705201243
GRU,0.0012032573883857859,0.025882590726554973,0.0009333281218523442,0.022654261474900076
SVR,0.0022990224030149686,0.041307435821705124,0.0024291574823117794,0.04357899921027909
