Modelo,MSE_Treino,MAE_Treino,MSE_Teste,MAE_Teste
LSTM,0.0007176784768551983,0.018979935846099694,0.0005359842889099363,0.016702619984506277
GRU,0.0007739466222090198,0.019773604360022914,0.0005686482414247357,0.01767150261078081
SVR,0.00264548299321753,0.04443996040309485,0.0027054936598496487,0.045926477028685804
LSTM,0.0010315540871204878,0.021918088219160952,0.0008059601297686818,0.01858448585899396
GRU,0.0010797543833765972,0.024264790879620846,0.0008348909036592376,0.021059324081841416
SVR,0.0022990224030149686,0.041307435821705124,0.0024291574823117794,0.04357899921027909
