Modelo,MSE_Treino,MAE_Treino,MSE_Teste,MAE_Teste
LSTM,0.000710625425436261,0.018220074236586455,0.0004891797217277434,0.015164608801920268
GRU,0.0006780538606705142,0.01774748599161399,0.00047184809984615963,0.015051785505709863
SVR,0.00264548299321753,0.04443996040309485,0.0027054936598496487,0.045926477028685804
LSTM,0.0010569384120234706,0.02202711326743016,0.0008205732264623455,0.01860544964602806
GRU,0.00104721503378658,0.022570901764008673,0.0007966208813447971,0.019142600551007746
SVR,0.0022990224030149686,0.041307435821705124,0.0024291574823117794,0.04357899921027909
