Modelo,MSE_Treino,MAE_Treino,MSE_Teste,MAE_Teste
LSTM,0.0007045120989922687,0.01871374038585266,0.0005126032229576401,0.016350098883128376
GRU,0.0007438290447987975,0.01947330339957423,0.0005261263719989425,0.01675662883084292
SVR,0.00264548299321753,0.04443996040309485,0.0027054936598496487,0.045926477028685804
LSTM,0.0010486168161532878,0.02266976263622542,0.0008123264957738873,0.01927015445491983
GRU,0.0010583502452610988,0.021910561714692,0.0008349972953730458,0.018016623672298022
SVR,0.0022990224030149686,0.041307435821705124,0.0024291574823117794,0.04357899921027909
