Modelo,MSE_Treino,MAE_Treino,MSE_Teste,MAE_Teste
LSTM,0.0006891765327720309,0.018213419389762432,0.000485881744105361,0.015452473842576416
GRU,0.000670482141699451,0.017898510007261174,0.0004732482759122552,0.01522931442315288
SVR,0.00264548299321753,0.04443996040309485,0.0027054936598496487,0.045926477028685804
LSTM,0.0010370855751751042,0.022012894124464492,0.0008109655238114436,0.018770109966673384
GRU,0.0010402396543451227,0.022955336496063017,0.0007965644929275841,0.019550861876186706
SVR,0.0022990224030149686,0.041307435821705124,0.0024291574823117794,0.04357899921027909
