Modelo,MSE_Treino,MAE_Treino,MSE_Teste,MAE_Teste
LSTM,0.000942405592957413,0.023489503382647874,0.0007720544917630197,0.022151150743351885
GRU,0.0007384481812229393,0.01866655051871348,0.0005144335978862607,0.01568354142718492
SVR,0.00264548299321753,0.04443996040309485,0.0027054936598496487,0.045926477028685804
LSTM,0.0011963128044855664,0.026085606433717677,0.000959930051045339,0.022486972052066418
GRU,0.001051008898665786,0.02187135089821934,0.0007857331103726825,0.017047562460907852
SVR,0.0022990224030149686,0.041307435821705124,0.0024291574823117794,0.04357899921027909
