Modelo,MSE_Treino,MAE_Treino,MSE_Teste,MAE_Teste
LSTM,0.0008246416213237794,0.022262910652137043,0.0006606803460966058,0.020727242137224596
GRU,0.0007266259670269102,0.019604037488346118,0.0005228543283540143,0.017113933860087416
SVR,0.00264548299321753,0.04443996040309485,0.0027054936598496487,0.045926477028685804
LSTM,0.0010449795757065553,0.021797627245848522,0.0008127189007257785,0.017652606680478886
GRU,0.0012073542911527294,0.025819290911802267,0.0009332386704145222,0.022334259150864552
SVR,0.0022990224030149686,0.041307435821705124,0.0024291574823117794,0.04357899921027909
