Bomba,Modelo,Shapiro-Wilk Statistic,Shapiro-Wilk p-value,Kolmogorov-Smirnov Statistic,Kolmogorov-Smirnov p-value,Durbin-Watson,Lagrange Multiplier Statistic,Breusch-Pagan p-value,Breusch-Pagan f-value,Breusch-Pagan f-p-value
MainPumpP1,GRU,0.9105744460732966,4.7169819154419106e-30,0.24710934716936195,5.8545378592608505e-89,1.03491714926578,160.4486163926514,1.1714173628487825e-33,59.119134666472114,2.7319323371145117e-36
MainPumpP1,LSTM,0.9137338909041048,1.3250621972298614e-29,0.260145226867629,1.0754591442433347e-98,1.19097455386002,120.63234231155128,3.913764821748239e-25,43.28738602633404,6.40680387730202e-27
MainPumpP1,SVR_Ajus,0.91254366377687,8.948899484938484e-30,0.14352772222966292,4.929618834346602e-30,1.5893162167036405,252.90611410818983,1.539874610604496e-53,99.37522592346991,4.172919498743044e-59
MainPumpP2,GRU,0.86130416771784,8.20237379548443e-36,0.2566431493105249,5.004368092630706e-96,1.460109050684145,213.45028123791064,4.810358216497433e-45,81.56007598401908,3.49203139174176e-49
MainPumpP2,LSTM,0.8737092875617651,1.542001327429622e-34,0.29878235006696,1.0433798456293715e-130,1.3030790815740432,698.7237155431696,6.585515902755415e-150,403.9009311339769,1.9174768334606663e-196
MainPumpP2,SVR_Ajus,0.8352334451579068,3.225413011750807e-38,0.274637872016651,3.809982544842344e-110,1.414977684129135,239.23495368354583,1.3558139803735643e-50,93.08918300949213,1.2326731550857369e-55
