Modelo,MSE_BoxCox,MAE_BoxCox,MSE_Garch,MAE_Garch
LSTM,1267.4803840503967,35.19018757725782,1252.8910430825006,35.025763871708016
GRU,1269.1520425872282,35.22057540658962,1269.9218163500661,35.23921944215336
SVR,1274.3261335470786,35.40590008092455,1274.3167364103554,35.40575307758273
