Modelo,MSE_BoxCox,MAE_BoxCox,MSE_Garch,MAE_Garch
LSTM,2593.7464060737666,49.66095756817411,2542.2511884479945,49.27291534962921
GRU,2598.893897689445,49.71338919645744,2584.886067259401,49.61788549457424
SVR,2516.0673597053315,49.33233171561456,2516.067359705332,49.33233171561456
