Modelo,MAE,MSE,R2
State Space Model,25.828863773504516,895.0991808160055,-10122.311742431662
