Bomba,Modelo,Shapiro-Wilk Statistic,Shapiro-Wilk p-value,Kolmogorov-Smirnov Statistic,Kolmogorov-Smirnov p-value,Durbin-Watson,Lagrange Multiplier Statistic,Breusch-Pagan p-value,Breusch-Pagan f-value,Breusch-Pagan f-p-value
MainPumpP1,GRU,0.8901765660036846,1.1043692148563107e-32,0.36169444566730863,2.7768128206799764e-193,0.6821119202278924,96.11229580861715,6.609575779868341e-20,33.942696855973935,2.7824645717772946e-21
MainPumpP1,LSTM,0.9121923178735615,7.976179260917061e-30,0.274368755072393,6.303895225262366e-110,0.9860948528520316,126.96859433597314,1.732104233372644e-26,45.75124127382416,2.154380527410613e-28
MainPumpP1,SVR_Ajus,0.91254366377687,8.948899484938484e-30,0.14352772222966292,4.929618834346602e-30,1.5893162167036405,254.0080412664713,8.914115780614429e-54,99.88727663045883,2.183741650600015e-59
MainPumpP2,GRU,0.883919642477204,2.0599266755847317e-33,0.23313851890065163,4.1204003922731676e-79,1.5693779834619888,169.20743157389475,1.5472685626838423e-35,62.716446098945646,2.1840287665497612e-38
MainPumpP2,LSTM,0.8230606755750471,3.0855386001338174e-39,0.35026726347539516,6.314131606346353e-181,0.9040178002015727,777.353169022703,6.174594073443739e-167,490.0751875927093,2.4746284739822536e-227
MainPumpP2,SVR_Ajus,0.8352334451579068,3.225413011750807e-38,0.274637872016651,3.809982544842344e-110,1.414977684129135,213.32247222404166,5.124754735572503e-45,81.50396303825413,3.756313567940517e-49
