Modelo,MSE_BoxCox,MAE_BoxCox,MSE_Garch,MAE_Garch
LSTM,2595.703468885141,49.697117331790785,2635.0107947950846,50.04629851683996
GRU,2591.940873935428,49.66208342838834,2586.7025752633917,49.63852810192655
SVR,2516.0673597053315,49.33233171561456,2516.067359705332,49.33233171561456
