Modelo,MSE_BoxCox,MAE_BoxCox,MSE_Garch,MAE_Garch
LSTM,1267.5411594241207,35.21866041453764,1265.8447161273164,35.18729667204586
GRU,1274.6516851181527,35.294269986331145,1264.8373199025277,35.173866605376176
SVR,1274.3261335470786,35.40590008092455,1274.3167364103554,35.40575307758273
