Modelo,MAE,MSE,R2
SVR,10.835052680671511,212.2802794373407,-0.2918361889100014
SVR,7.990059223823779,105.7422465514359,0.3565032929396075
GRU,10.484314830122136,166.37545229069966,-0.012336306465747793
LSTM,10.114692619978916,164.4731082948486,-0.0007612100926224219
