Modelo,MSE_BoxCox,MAE_BoxCox,MSE_Garch,MAE_Garch
LSTM,2614.829524685045,49.912402365129005,2557.7274182044957,49.332075628454405
GRU,2572.9074883507574,49.49456761759014,2601.6580370488855,49.7732496236968
SVR,2516.0673597053315,49.33233171561456,2516.067359705332,49.33233171561456
