Modelo,MSE_BoxCox,MAE_BoxCox,MSE_Garch,MAE_Garch
LSTM,1255.8770795871274,35.05593660260267,1261.7339076548865,35.14178090057271
GRU,1282.596810910014,35.4030146188277,1272.2288653809235,35.280788691923576
SVR,1274.3261335470786,35.40590008092455,1274.3167364103554,35.40575307758273
