Bomba,Modelo,Shapiro-Wilk Statistic,Shapiro-Wilk p-value,Kolmogorov-Smirnov Statistic,Kolmogorov-Smirnov p-value,Durbin-Watson,Lagrange Multiplier Statistic,Breusch-Pagan p-value,Breusch-Pagan f-value,Breusch-Pagan f-p-value
MainPumpP1,GRU,0.8441693579289153,1.9778400922562675e-37,0.21677223417014801,2.4346319973103423e-68,2.9468668769634907,143.18746756034474,5.863212233915619e-30,52.15267755708098,3.399284422921227e-32
MainPumpP1,LSTM,0.8937445596507146,2.9771041925424566e-32,0.30133889725746826,5.384893079028385e-133,2.7467213999426354,213.69235162416024,4.266779326098756e-45,81.66638141775806,3.041313497410396e-49
MainPumpP1,SVM,0.8935378824596317,2.80891066238436e-32,0.5371537121063906,0.0,0.26002054858961376,1414.3922130532203,5.233435148024008e-305,3354.9280828000055,0.0
MainPumpP1,SVR_Ajus,0.8935378824596317,2.80891066238436e-32,0.5371537121063906,0.0,0.26002054858961376,1414.3922130532203,5.233435148024008e-305,3354.9280828000055,0.0
MainPumpP2,GRU,0.8929021010267228,2.3501012526838684e-32,0.27973566556539464,2.482628380467909e-114,0.625379673730454,320.0860089124841,5.02513995397335e-68,132.14974560832724,1.1122615813495805e-76
MainPumpP2,LSTM,0.8713457316688731,8.666703649393216e-35,0.381301209495687,1.5327221704885698e-215,0.6610867194568545,176.5846013681533,4.036036000609466e-37,65.77959958631352,3.6533577041807534e-40
MainPumpP2,SVM,0.9398627868532922,2.661564999428574e-25,0.17352632913517668,8.701528887473932e-44,0.9912500035771791,553.3834174134984,1.8961846785721622e-118,277.2958327620468,1.3997728744925581e-145
MainPumpP2,SVR_Ajus,0.9398627868532922,2.661564999428574e-25,0.17352632913517668,8.701528887473932e-44,0.9912500035771791,553.3834174134984,1.8961846785721622e-118,277.2958327620468,1.3997728744925581e-145
