Modelo,MSE_BoxCox,MAE_BoxCox,MSE_Garch,MAE_Garch
LSTM,1240.719164103378,34.851749042521185,1247.5014179099855,34.943076984640115
GRU,1267.6703133162523,35.19711849931727,1264.9122635021674,35.17178481147889
SVR,1274.3261335470786,35.40590008092455,1274.3167364103554,35.40575307758273
