Bomba,Modelo,Shapiro-Wilk Statistic,Shapiro-Wilk p-value,Kolmogorov-Smirnov Statistic,Kolmogorov-Smirnov p-value,Durbin-Watson,Lagrange Multiplier Statistic,Breusch-Pagan p-value,Breusch-Pagan f-value,Breusch-Pagan f-p-value
MainPumpP1,GRU,0.8986105862875082,1.2020347028536565e-31,0.10937089384142484,1.3620874730959848e-17,0.7934577312126269,550.3903041026684,8.42325733617291e-118,275.041868779863,1.3200645598862344e-144
MainPumpP1,LSTM,0.8725535723631294,1.162163102595635e-34,0.33410910290527607,3.257802357787248e-164,0.6512146213486014,247.439669587164,2.317896149716435e-52,96.84698135657355,1.0286209568519755e-57
MainPumpP1,SVR_Ajus,0.91254366377687,8.948899484938484e-30,0.14352772222966292,4.929618834346602e-30,1.5893162167036405,265.2331954917141,3.3978468439382113e-56,105.1500568501294,2.892277310090853e-62
MainPumpP2,GRU,0.8764386159990516,3.031929683484163e-34,0.19338900592739042,2.2979304904863456e-54,1.277527425433433,425.07163639714616,1.0625213930260515e-90,190.59658914933925,4.89543757832676e-106
MainPumpP2,LSTM,0.8663728357254833,2.6491366326502867e-35,0.2647690618626207,2.8203619376516492e-102,1.2866459282141418,594.7766189479421,2.0925701063846676e-127,309.784391048896,2.436411246421981e-159
MainPumpP2,SVR_Ajus,0.8352334451579068,3.225413011750807e-38,0.274637872016651,3.809982544842344e-110,1.414977684129135,239.34211855918164,1.2856490594769577e-50,93.1379822789294,1.1581872769922743e-55
