Modelo,MSE_BoxCox,MAE_BoxCox,MSE_Garch,MAE_Garch
LSTM,2573.810499046708,49.52835169573938,2613.5096853684286,49.867552645408274
GRU,2586.218947702319,49.6083080954326,2596.167453450183,49.73017801711686
SVR,2516.0673597053315,49.33233171561456,2516.067359705332,49.33233171561456
