Modelo,MSE_BoxCox,MAE_BoxCox,MSE_Garch,MAE_Garch
LSTM,1257.4934602536962,35.078489043750864,1248.9384939045237,34.96234859260009
GRU,1271.66990602545,35.25528158822799,1277.378663546983,35.345578942196894
SVR,1274.3261335470786,35.40590008092455,1274.3167364103554,35.40575307758273
