Bomba,Modelo,Shapiro-Wilk Statistic,Shapiro-Wilk p-value,Kolmogorov-Smirnov Statistic,Kolmogorov-Smirnov p-value,Durbin-Watson,Lagrange Multiplier Statistic,Breusch-Pagan p-value,Breusch-Pagan f-value,Breusch-Pagan f-p-value
MainPumpP1,GRU,0.903620836485018,5.350481788467243e-31,0.26211576350634347,3.2627415307789963e-100,2.7917388252738036,223.69246947399074,3.0080462187035977e-47,86.0895887584505,9.874915233491154e-52
MainPumpP1,LSTM,0.8994927419177752,1.5568273066807083e-31,0.2779748027241424,7.082464918855807e-113,2.7353055084777855,208.5302617848399,5.501910650961594e-44,79.4072093283612,5.762937760446941e-48
MainPumpP1,SVR,0.8935378824596317,2.80891066238436e-32,0.5371537121063906,0.0,0.26002054858961376,1409.7627672606875,5.280030379362531e-304,3278.1385187699675,0.0
MainPumpP1,SVR_Ajus,0.8935378824596317,2.80891066238436e-32,0.5371537121063906,0.0,0.26002054858961376,1409.7627672606875,5.280030379362531e-304,3278.1385187699675,0.0
MainPumpP2,GRU,0.9138422654146214,1.373563314603682e-29,0.46529511544239477,0.0,1.4561552195467882,982.0451140574987,2.7771414854513933e-211,810.279385188877,3.5e-323
MainPumpP2,LSTM,0.8830058666911589,1.6216939202222674e-33,0.26998353334416464,2.1413588176409382e-106,2.802366184961341,181.8631437472199,2.967459431537606e-38,67.99031765524923,1.9309554241928372e-41
MainPumpP2,SVR,0.8935378824596317,2.80891066238436e-32,0.5371537121063906,0.0,0.26002054858961376,1422.510205062403,9.088020841579922e-307,3497.297853087492,0.0
MainPumpP2,SVR_Ajus,0.8935378824596317,2.80891066238436e-32,0.5371537121063906,0.0,0.26002054858961376,1422.510205062403,9.088020841579922e-307,3497.297853087492,0.0
