Modelo,MSE_BoxCox,MAE_BoxCox,MSE_Garch,MAE_Garch
LSTM,1269.0472497677579,35.24187736192489,1251.7981007414055,34.98357251633935
GRU,1273.070008543439,35.28103176387236,1276.3095855656175,35.31582616318993
SVR,1274.3261335470786,35.40590008092455,1274.3167364103554,35.40575307758273
