Modelo,MSE_BoxCox,MAE_BoxCox,MSE_Garch,MAE_Garch
LSTM,1278.6521416914782,35.35307911245581,1260.4941164130319,35.12628763805736
GRU,1273.5852786806508,35.27722662578929,1265.2820897126549,35.16061251125233
SVR,1274.3261335470786,35.40590008092455,1274.3167364103554,35.40575307758273
