Modelo,MSE_BoxCox,MAE_BoxCox,MSE_Garch,MAE_Garch
LSTM,1245.1402538477985,34.91655726675044,1255.8776016285785,35.031142899186854
GRU,1278.9121608692963,35.36867723707209,1268.986648158056,35.222696037470975
SVR,1274.3261335470786,35.40590008092455,1274.3167364103554,35.40575307758273
