Modelo,MAE,MSE,R2
SVR,10.843078197166905,212.57034539704475,-0.2936013915228384
SVR,7.990059223823779,105.7422465514359,0.3565032929396075
GRU,10.01801442478632,164.34916611607935,-7.065381109727653e-06
LSTM,9.883797255354287,164.54911340705317,-0.0012236745577964836
