Bomba,Modelo,Shapiro-Wilk Statistic,Shapiro-Wilk p-value,Kolmogorov-Smirnov Statistic,Kolmogorov-Smirnov p-value,Durbin-Watson,Lagrange Multiplier Statistic,Breusch-Pagan p-value,Breusch-Pagan f-value,Breusch-Pagan f-p-value
MainPumpP1,GRU,0.857208263955604,3.260235769473333e-36,0.2173294473667876,1.0793861391626546e-68,2.9050139938863984,159.6555338308323,1.733013342574483e-33,58.79550433893695,4.223970651241963e-36
MainPumpP1,LSTM,0.8900731845777774,1.0734977322280534e-32,0.2783538259276522,3.449639801975312e-113,2.7756278076207863,181.9166270182322,2.8899967714782194e-38,68.01279873488998,1.8741727656593922e-41
MainPumpP1,SVM,0.8935378824596317,2.80891066238436e-32,0.5371537121063906,0.0,0.26002054858961376,1414.190968042752,5.786619622884425e-305,3351.5259474883537,0.0
MainPumpP1,SVR_Ajus,0.8935378824596317,2.80891066238436e-32,0.5371537121063906,0.0,0.26002054858961376,1414.190968042752,5.786619622884425e-305,3351.5259474883537,0.0
MainPumpP2,GRU,0.889349248669599,8.807094917392876e-33,0.37167823683158374,1.8962849078695644e-204,0.5499185347397071,187.1670377189972,2.1528294687492033e-39,70.22777799735141,9.95102378540412e-43
MainPumpP2,LSTM,0.8699070684290853,6.128145239560578e-35,0.26387858310496404,1.3971313100959166e-101,0.7407115721513816,389.99833356651,4.028952204889987e-83,169.98311170942702,5.909036517427563e-96
MainPumpP2,SVM,0.9398627868532922,2.661564999428574e-25,0.17352632913517668,8.701528887473932e-44,0.9912500035771791,564.9782326590027,5.875867183483617e-121,286.1452450401398,2.215034789210271e-149
MainPumpP2,SVR_Ajus,0.9398627868532922,2.661564999428574e-25,0.17352632913517668,8.701528887473932e-44,0.9912500035771791,564.9782326590027,5.875867183483617e-121,286.1452450401398,2.215034789210271e-149
