Modelo,MSE_BoxCox,MAE_BoxCox,MSE_Garch,MAE_Garch
LSTM,1286.4725711682565,35.46661028683504,1259.2577922215214,35.09560777121049
GRU,1259.618627727932,35.08784277821608,1271.9642614437466,35.250497399676924
SVR,1274.3261335470786,35.40590008092455,1274.3167364103554,35.40575307758273
