Modelo,MAE,MSE,R2
GRU,0.008488139810580303,0.00025111123523432214,0.9973547336347595
