Modelo,MAE,MSE,R2
SVR,10.84992649667869,212.86570877863795,-0.29539883171008663
SVR,7.990059223823779,105.7422465514359,0.3565032929396075
GRU,9.551494527455338,168.4951234471064,-0.025233762429681006
LSTM,10.252123100437789,164.94830838483924,-0.003652636065083703
