Modelo,MSE_BoxCox,MAE_BoxCox,MSE_Garch,MAE_Garch
LSTM,2583.5905647668433,49.58425635624479,2626.6153454085843,50.05001837820713
GRU,2553.809743316747,49.30588833057726,2588.6937619196988,49.62694980010412
SVR,2516.0673597053315,49.33233171561456,2516.067359705332,49.33233171561456
