Bomba,Modelo,Shapiro-Wilk Statistic,Shapiro-Wilk p-value,Kolmogorov-Smirnov Statistic,Kolmogorov-Smirnov p-value,Durbin-Watson,Lagrange Multiplier Statistic,Breusch-Pagan p-value,Breusch-Pagan f-value,Breusch-Pagan f-p-value
MainPumpP1,GRU,0.8896598797579902,9.586630509405074e-33,0.3571846503915824,2.3651374002411307e-188,1.2981308925903192,776.6040490031631,8.971397700543093e-167,489.1805567691755,5.021444203884665e-227
MainPumpP1,LSTM,0.8669726579066033,3.050521205762277e-35,0.23577879833443494,6.312064006586282e-81,1.287530250221437,289.73034896370666,1.7774840748966317e-61,116.93798408454396,1.2497203423158329e-68
MainPumpP1,SVR_Ajus,0.8352334451579068,3.225413011750807e-38,0.274637872016651,3.809982544842344e-110,1.414977684129135,244.64623074587834,9.263827757263724e-52,95.56262935563313,5.264381868403272e-57
MainPumpP2,GRU,0.923049428208781,3.3398686075943496e-28,0.298092399372434,4.286334351137782e-130,1.2067690447117272,75.21981950022304,1.7902864188769603e-15,26.210829884170433,1.4683770731749464e-16
MainPumpP2,LSTM,0.9237539624048617,4.314940093700409e-28,0.1631221095813265,1.0259038356526252e-38,0.954513292127133,651.4131950564097,1.1523379871025217e-139,358.6229365395868,4.4894109934341045e-179
MainPumpP2,SVR_Ajus,0.91254366377687,8.948899484938484e-30,0.14352772222966292,4.929618834346602e-30,1.5893162167036405,267.2723500912828,1.2351177414625116e-56,106.11529463723706,8.627181631996248e-63
