Modelo,MAE,MSE,R2
State Space Model,10.074764407111948,134.06486401870123,-1558.186746316366
