Modelo,MSE_BoxCox,MAE_BoxCox,MSE_Garch,MAE_Garch
LSTM,2598.9845342541257,49.76427998997731,2558.8324015962185,49.375038908851714
GRU,2581.3914910796857,49.5499771037437,2616.889012575757,49.923773068882305
SVR,2516.0673597053315,49.33233171561456,2516.067359705332,49.33233171561456
