Bomba,Modelo,Shapiro-Wilk Statistic,Shapiro-Wilk p-value,Kolmogorov-Smirnov Statistic,Kolmogorov-Smirnov p-value,Durbin-Watson,Lagrange Multiplier Statistic,Breusch-Pagan p-value,Breusch-Pagan f-value,Breusch-Pagan f-p-value
MainPumpP1,GRU,0.890619423376888,1.2472809299173852e-32,0.18099777061238737,1.2559127299232655e-47,0.7154001803876905,680.7141638267112,5.2240384604312605e-146,386.14136353061303,9.889905858337607e-190
MainPumpP1,LSTM,0.9197274658957533,1.0222730747777193e-28,0.26455600307545163,4.138128523233111e-102,0.7308260794743057,875.1030888135468,4.12856722591907e-188,621.7473828325094,6.709321324552224e-270
MainPumpP1,SVR_Ajus,0.91254366377687,8.948899484938484e-30,0.14352772222966292,4.929618834346602e-30,1.5893162167036405,265.23641237113964,3.3924268416350612e-56,105.15157731937433,2.8867671337591656e-62
MainPumpP2,GRU,0.8790830796197431,5.904490816034053e-34,0.22387954447585132,6.449756769103375e-73,1.435276086086562,448.89927026233937,7.512967914562472e-96,205.29031939254432,4.706600126486517e-113
MainPumpP2,LSTM,0.8612218527881498,8.049970706362803e-36,0.27559265863573656,6.356255248744826e-111,1.1725322109963734,648.8659185161642,4.102207100993444e-139,356.30711168886074,3.6620471952427533e-178
MainPumpP2,SVR_Ajus,0.8352334451579068,3.225413011750807e-38,0.274637872016651,3.809982544842344e-110,1.414977684129135,236.7157462457172,4.728026306786548e-50,91.9441603150947,5.328132653776118e-55
