Bomba,Modelo,Shapiro-Wilk Statistic,Shapiro-Wilk p-value,Kolmogorov-Smirnov Statistic,Kolmogorov-Smirnov p-value,Durbin-Watson,Lagrange Multiplier Statistic,Breusch-Pagan p-value,Breusch-Pagan f-value,Breusch-Pagan f-p-value
MainPumpP1,GRU,0.8708267142718522,7.645328087918383e-35,0.44389805198360444,6.699441187737337e-296,0.6651512419113155,92.54751073628157,3.786025111378624e-19,32.608719895032124,1.8012227384512717e-20
MainPumpP1,LSTM,0.9065119680993812,1.3023067521072323e-30,0.2751367974006631,1.4958381544162467e-110,0.991576347278509,166.87758874055424,4.892536249444761e-35,61.755400192671175,7.913950973117115e-38
MainPumpP1,SVR_Ajus,0.91254366377687,8.948899484938484e-30,0.14352772222966292,4.929618834346602e-30,1.5893162167036405,252.5920953842217,1.799443939112217e-53,99.22945403940045,5.01814985134726e-59
MainPumpP2,GRU,0.8728332912735881,1.244260168552866e-34,0.2819021140277659,3.898236561057264e-116,1.1741695742482396,701.2978636054987,1.8247910209972905e-150,406.4947154383098,2.055229455886894e-197
MainPumpP2,LSTM,0.8661350066157969,2.5053690888924684e-35,0.2548887597996324,1.0503395583389741e-94,1.3100506774357135,543.082381319985,3.210638697013784e-116,269.59008327490636,3.0818675231942922e-142
MainPumpP2,SVR_Ajus,0.8352334451579068,3.225413011750807e-38,0.274637872016651,3.809982544842344e-110,1.414977684129135,244.56796927795511,9.630457274582045e-52,95.52672051214572,5.510520034363503e-57
