Modelo,MSE_BoxCox,MAE_BoxCox,MSE_Garch,MAE_Garch
LSTM,1267.8050566919158,35.21307421674065,1274.341133101833,35.30502647894589
GRU,1272.6305392024412,35.28100636528138,1263.884893735825,35.15409886378018
SVR,1274.3261335470786,35.40590008092455,1274.3167364103554,35.40575307758273
