Bomba,Modelo,Shapiro-Wilk Statistic,Shapiro-Wilk p-value,Kolmogorov-Smirnov Statistic,Kolmogorov-Smirnov p-value,Durbin-Watson,Lagrange Multiplier Statistic,Breusch-Pagan p-value,Breusch-Pagan f-value,Breusch-Pagan f-p-value
MainPumpP1,GRU,0.9031859251717957,4.688860965717065e-31,0.3691323617370128,1.4392697394419297e-201,0.7408326177256719,78.73061033053274,3.234993619451546e-16,27.495681224983684,2.391420067525841e-17
MainPumpP1,LSTM,0.8977068629438338,9.239349236035833e-32,0.15593361917085857,2.1266768279339982e-35,0.7334799273028849,613.0141460483385,2.363331430523348e-131,324.9257115341696,1.4157078963643797e-165
MainPumpP1,SVR_Ajus,0.91254366377687,8.948899484938484e-30,0.14352772222966292,4.929618834346602e-30,1.5893162167036405,279.75839699419595,2.512365562429361e-59,112.08847050874309,5.030012857129866e-66
MainPumpP2,GRU,0.8771440057398368,3.6178130417263656e-34,0.2709773582996471,3.433840765718567e-107,1.2594000644357697,650.848924106352,1.5266326664014867e-139,358.1089133421209,7.150125877882934e-179
MainPumpP2,LSTM,0.8713546015872068,8.68532633609275e-35,0.19674109579316013,2.880336277727896e-56,1.3661906018457604,378.43970638056123,1.2650792576782535e-80,163.43992499449524,1.0761993223380674e-92
MainPumpP2,SVR_Ajus,0.8352334451579068,3.225413011750807e-38,0.274637872016651,3.809982544842344e-110,1.414977684129135,238.53152577159383,1.9216722078714056e-50,92.76905027582781,1.8555675959101874e-55
