Bomba,Modelo,Shapiro-Wilk Statistic,Shapiro-Wilk p-value,Kolmogorov-Smirnov Statistic,Kolmogorov-Smirnov p-value,Durbin-Watson,Lagrange Multiplier Statistic,Breusch-Pagan p-value,Breusch-Pagan f-value,Breusch-Pagan f-p-value
MainPumpP1,GRU,0.9223782508634641,2.6210841594181467e-28,0.1837051364995521,4.6357772752519634e-49,1.445890180391613,278.2931705687779,5.199820547277618e-59,111.38187138822819,1.2096710160186289e-65
MainPumpP1,LSTM,0.9212507931794396,1.7508800809706275e-28,0.13989483771196487,1.507339778742973e-28,0.8177153826295764,503.39519886515177,1.2351581671702513e-107,241.2018357889793,1.2043220078965446e-129
MainPumpP1,SVR_Ajus,0.91254366377687,8.948899484938484e-30,0.14352772222966292,4.929618834346602e-30,1.5893162167036405,254.46631132457813,7.101382582001559e-54,100.10046748823116,1.6679096834989625e-59
MainPumpP2,GRU,0.8896318090400084,9.513364090888353e-33,0.2805332403245854,5.401304737963588e-115,1.509631173329511,579.7586544164839,3.721522359715112e-124,297.70529024303016,2.7586168261320763e-154
MainPumpP2,LSTM,0.8640347520302353,1.5358654381275942e-35,0.3049787622330288,2.7417524595936553e-136,1.3290818758185616,85.86729095753745,9.93006112352496e-18,30.12534332797053,5.884271513303754e-19
MainPumpP2,SVR_Ajus,0.8352334451579068,3.225413011750807e-38,0.274637872016651,3.809982544842344e-110,1.414977684129135,229.26354487483007,1.90165164014058e-48,88.58086446283139,3.984275762505422e-53
