Modelo,MSE_BoxCox,MAE_BoxCox,MSE_Garch,MAE_Garch
LSTM,2608.402354765199,49.84163154047223,2611.603856331432,49.846885410819205
GRU,2566.4962474508166,49.42875624859179,2600.235716373285,49.77144002387651
SVR,2516.0673597053315,49.33233171561456,2516.067359705332,49.33233171561456
