Modelo,MSE_BoxCox,MAE_BoxCox,MSE_Garch,MAE_Garch
LSTM,1268.4049678538267,35.217952929843555,1280.4267827655283,35.39768700280929
GRU,1255.2947912979066,35.03176404830606,1266.1125485317687,35.18038284459854
SVR,1274.3261335470786,35.40590008092455,1274.3167364103554,35.40575307758273
