Modelo,MSE_BoxCox,MAE_BoxCox,MSE_Garch,MAE_Garch
LSTM,1243.767535329966,34.90033115320665,1250.7293296237672,34.98526186063329
GRU,1275.0346403607477,35.312067738318824,1269.4656010883891,35.252982468783536
SVR,1274.3261335470786,35.40590008092455,1274.3167364103554,35.40575307758273
