Bomba,Modelo,Shapiro-Wilk Statistic,Shapiro-Wilk p-value,Kolmogorov-Smirnov Statistic,Kolmogorov-Smirnov p-value,Durbin-Watson,Lagrange Multiplier Statistic,Breusch-Pagan p-value,Breusch-Pagan f-value,Breusch-Pagan f-p-value
MainPumpP1,GRU,0.9060622609859653,1.132435259267918e-30,0.15374618740318924,2.0259317238305077e-34,0.8589128079666938,448.9158836587871,7.451092968765696e-96,205.30076857178597,4.6533514759439313e-113
MainPumpP1,LSTM,0.9168775076556545,3.814550918977443e-29,0.11289309297748418,1.0198907259922944e-18,0.9814918335657878,427.9900356111516,2.486411513433627e-91,192.3653514183545,6.883202008553246e-107
MainPumpP1,SVR_Ajus,0.91254366377687,8.948899484938484e-30,0.14352772222966292,4.929618834346602e-30,1.5893162167036405,264.9546530809015,3.9015358838558622e-56,105.01842969059281,3.4114780944558855e-62
MainPumpP2,GRU,0.8427981536325284,1.489400724263325e-37,0.2682908387499014,4.757663871896105e-105,1.228875464812103,578.6784776960397,6.374863708028817e-124,296.8496093146503,6.330521171545581e-154
MainPumpP2,LSTM,0.8618315943360222,9.251700826266676e-36,0.20154583800852452,4.723843634951713e-59,1.4069307987550517,384.65098973406197,5.759542409402418e-82,166.94113271064177,1.92134603873831e-94
MainPumpP2,SVR_Ajus,0.8352334451579068,3.225413011750807e-38,0.274637872016651,3.809982544842344e-110,1.414977684129135,238.0207885578339,2.475490922327975e-50,92.53681240086107,2.4968391018959322e-55
