Modelo,Diferença de Tempo (horas)
State Space Model,0.00017011916666666668
RNN-GRU,0.024110968333333333
RNN-LSTM,0.012976098055555555
Regressão Linear Múltipla,3.0088888888888887e-06
Media Movel,3.158055555555556e-06
Model AR,2.5175e-06
SARIMAX,0.010904088333333332
Projeção Modelo SVR,0.0011772999999999998
Correlação,2.0030555555555555e-06
