Bomba,Modelo,Shapiro-Wilk Statistic,Shapiro-Wilk p-value,Kolmogorov-Smirnov Statistic,Kolmogorov-Smirnov p-value,Durbin-Watson,Lagrange Multiplier Statistic,Breusch-Pagan p-value,Breusch-Pagan f-value,Breusch-Pagan f-p-value
MainPumpP1,GRU,0.9300797233209371,4.68918945093434e-27,0.20924371779307105,1.1658371563101898e-63,0.9779592272795415,193.47407179654388,9.499445984380233e-41,72.9096981434531,2.884129678589778e-44
MainPumpP1,LSTM,0.911452481485119,6.267144969096385e-30,0.25597649298240865,1.5952474346609317e-95,1.0918122179435004,670.4480821330212,8.723234092064739e-144,376.3115070661838,5.828271446766205e-186
MainPumpP1,SVR_Ajus,0.91254366377687,8.948899484938484e-30,0.14352772222966292,4.929618834346602e-30,1.5893162167036405,276.0296378879842,1.5995094495717765e-58,110.29326572986302,4.683651127246443e-65
MainPumpP2,GRU,0.8809268072597078,9.462050759160867e-34,0.2419499342166803,2.982182436596362e-85,1.4528519864876788,476.66852495243364,7.44303109977145e-102,223.17098248026372,2.0663681114929035e-121
MainPumpP2,LSTM,0.851378035586155,9.088245919915977e-37,0.29813957110060185,3.8920692623223406e-130,1.2275786440127865,99.79446094838993,1.087933360095938e-20,35.32706087260931,4.02068483441561e-22
MainPumpP2,SVR_Ajus,0.8352334451579068,3.225413011750807e-38,0.274637872016651,3.809982544842344e-110,1.414977684129135,227.76682076546095,3.9931958384571e-48,87.9096346206053,9.450690317870656e-53
