Modelo,MAE,MSE,R2
RNN,0.016029451619160143,0.0005194786247767942,0.9945170682126829
