Modelo,MAE,MSE,R2
State Space Model,10.074764407111948,134.06486401870123,-1558.186746316366
GRU,0.01569500551196091,0.0005071256347746,0.9946474500962119
RNN,0.016673888632683938,0.0005583462554321018,0.994106832723765
Regressão Linear Múltipla,11.972703909183695,179.27329638821854,0.04580747274282326
Media Movel,1.7755025103802924,7.928324014027356,0.9578938669152911
Model AR,0.8324447136473621,1.528156879052571,0.9910240986502715
ARIMA,11.42486638251264,236.948915453648,-0.3917616176656511
SVR,8.477534401773498,131.09768860461185,0.30222494187689974
Correlação,0.857698620144672,1.773837456689563,0.9905830464164537
