Modelo,MSE_BoxCox,MAE_BoxCox,MSE_Garch,MAE_Garch
LSTM,2566.1054139988487,49.412631246964935,2566.9267219296007,49.46060669736848
GRU,2586.406385737448,49.61016926519156,2586.270635781249,49.6067237619006
SVR,2516.0673597053315,49.33233171561456,2516.067359705332,49.33233171561456
