Modelo,MAE,MSE,R2
State Space Model,1596.91999296056,3408295.3214992792,-20018.229043738917
