Bomba,Modelo,Shapiro-Wilk Statistic,Shapiro-Wilk p-value,Kolmogorov-Smirnov Statistic,Kolmogorov-Smirnov p-value,Durbin-Watson,Lagrange Multiplier Statistic,Breusch-Pagan p-value,Breusch-Pagan f-value,Breusch-Pagan f-p-value
MainPumpP1,GRU,0.930103694514619,4.733244301651588e-27,0.1493326061350032,1.7331428373799806e-32,0.9906200181847731,305.67314082614257,6.4711344900789945e-65,124.841226685349,7.793037364188259e-73
MainPumpP1,LSTM,0.9199927458876664,1.1220553039748717e-28,0.17966286835524292,6.271556828067608e-47,1.00643534698852,387.3091160599691,1.535177617163006e-82,168.4500453888198,3.410101625717136e-95
MainPumpP1,SVR_Ajus,0.91254366377687,8.948899484938484e-30,0.14352772222966292,4.929618834346602e-30,1.5893162167036405,289.51285428511966,1.980205151817879e-61,116.83145192088115,1.4250555244416764e-68
MainPumpP2,GRU,0.8099304876658991,2.8289343444498388e-40,0.2579390817983097,5.207606782619412e-97,0.8760121750534542,493.6221151721608,1.6048716259010445e-105,234.51144976572633,1.3003878730014331e-126
MainPumpP2,LSTM,0.8600040223428864,6.105709950806018e-36,0.2621891742788245,2.8628230338180315e-100,1.208587606501785,617.7796127894059,2.1982083705475998e-132,328.9707373443374,3.1867737752926626e-167
MainPumpP2,SVR_Ajus,0.8352334451579068,3.225413011750807e-38,0.274637872016651,3.809982544842344e-110,1.414977684129135,234.3913354804166,1.4968206153863678e-49,90.89130368517449,2.0516903749656647e-54
