Bomba,Modelo,Shapiro-Wilk Statistic,Shapiro-Wilk p-value,Kolmogorov-Smirnov Statistic,Kolmogorov-Smirnov p-value,Durbin-Watson,Lagrange Multiplier Statistic,Breusch-Pagan p-value,Breusch-Pagan f-value,Breusch-Pagan f-p-value
MainPumpP1,GRU,0.8894802533063122,9.12760157934754e-33,0.2663048380743186,1.7615990041316257e-103,0.897332261931406,210.47526075382456,2.0996949995482782e-44,80.25652293235551,1.9047007138213915e-48
MainPumpP1,LSTM,0.9285008436123662,2.5464388251956096e-27,0.33020378859353405,2.6312697621552905e-160,0.9913262543267024,49.786165302845134,4.0017994899926267e-10,17.071712787537567,6.414896343478154e-11
MainPumpP1,SVR_Ajus,0.91254366377687,8.948899484938484e-30,0.14352772222966292,4.929618834346602e-30,1.5893162167036405,256.396084228067,2.7261745014468785e-54,100.99975700758958,5.357135528626978e-60
MainPumpP2,GRU,0.8730941950642075,1.3261973082944806e-34,0.2597336760903921,2.2237896131154384e-98,1.3666169050656103,526.8342069649716,1.0512235028777617e-112,257.7241344752994,4.991404769412534e-137
MainPumpP2,LSTM,0.8628134979409573,1.1587261254327324e-35,0.29192151017932033,1.1271626673470804e-124,1.2958415124537779,93.4753954541547,2.4040154280683355e-19,32.95535318203316,1.1082681782861732e-20
MainPumpP2,SVR_Ajus,0.8352334451579068,3.225413011750807e-38,0.274637872016651,3.809982544842344e-110,1.414977684129135,227.92391680941964,3.694064477059312e-48,87.98002024989738,8.631985358306595e-53
