Modelo,MSE_BoxCox,MAE_BoxCox,MSE_Garch,MAE_Garch
LSTM,2552.974674655441,49.313288352410794,2542.5853289953675,49.24662040716607
GRU,2588.7162584449247,49.63900304435828,2583.459290132561,49.570800540368566
SVR,2516.0673597053315,49.33233171561456,2516.067359705332,49.33233171561456
