Bomba,Modelo,Shapiro-Wilk Statistic,Shapiro-Wilk p-value,Kolmogorov-Smirnov Statistic,Kolmogorov-Smirnov p-value,Durbin-Watson,Lagrange Multiplier Statistic,Breusch-Pagan p-value,Breusch-Pagan f-value,Breusch-Pagan f-p-value
MainPumpP1,GRU,0.9253949017539855,7.892048478945776e-28,0.19647551508600736,4.086591201429967e-56,1.5286474311743168,166.2319187250031,6.730942697458706e-35,61.48960117138695,1.1302708934828743e-37
MainPumpP1,LSTM,0.9217165570528796,2.0673143495539084e-28,0.3892785350624363,5.512541372235231e-225,1.0150956550007295,4.492587090345561,0.3434273643159463,1.4979786857899082,0.2132591768216661
MainPumpP1,SVR_Ajus,0.91254366377687,8.948899484938484e-30,0.14352772222966292,4.929618834346602e-30,1.5893162167036405,243.74485688958487,1.448542600582003e-51,95.14929338467878,8.90933157271417e-57
MainPumpP2,GRU,0.8730447217891328,1.3102455505701548e-34,0.36711943850168255,2.626707587222301e-199,0.9929111738455216,908.4523500558465,2.456438383661561e-195,674.6656995215797,1.1353980439037597e-285
MainPumpP2,LSTM,0.8678465530511998,3.750032127684644e-35,0.1984988907456034,2.809225148646919e-57,1.3741011471372133,331.5042002659904,1.7252373855125234e-70,138.05358005881533,9.322102378461482e-80
MainPumpP2,SVR_Ajus,0.8352334451579068,3.225413011750807e-38,0.274637872016651,3.809982544842344e-110,1.414977684129135,241.8781923240203,3.655618462906794e-51,94.29500024690128,2.645851884122814e-56
