Bomba,Modelo,Shapiro-Wilk Statistic,Shapiro-Wilk p-value,Kolmogorov-Smirnov Statistic,Kolmogorov-Smirnov p-value,Durbin-Watson,Lagrange Multiplier Statistic,Breusch-Pagan p-value,Breusch-Pagan f-value,Breusch-Pagan f-p-value
MainPumpP1,GRU,0.8712975957006652,8.566352333913273e-35,0.2276068911282745,2.2256782067822835e-75,1.2303566695432298,524.6979705368293,3.0465970294225616e-112,256.18965451769805,2.3849163270491172e-136
MainPumpP1,LSTM,0.8600061294568813,6.108620900945812e-36,0.24305699315384557,4.853708876799685e-86,1.2093642835154876,537.5064409558101,5.163283731838719e-115,265.47876581474253,1.9283440789220335e-140
MainPumpP1,SVR_Ajus,0.8352334451579068,3.225413011750807e-38,0.274637872016651,3.809982544842344e-110,1.414977684129135,234.69841107948534,1.2854433008998342e-49,91.03019656862492,1.717172277889882e-54
MainPumpP2,GRU,0.9153503530811353,2.273559063362889e-29,0.18147943562141544,7.008856365166305e-48,1.096651558354509,526.4320301781537,1.284387991645831e-112,257.4347990255013,6.701944069642815e-137
MainPumpP2,LSTM,0.9075325707597183,1.7919380721868563e-30,0.2672268228296608,3.3058755017451056e-104,0.7920186020846699,181.1604726171256,4.20053842200213e-38,67.69511047343713,2.857795996103253e-41
MainPumpP2,SVR_Ajus,0.91254366377687,8.948899484938484e-30,0.14352772222966292,4.929618834346602e-30,1.5893162167036405,260.6132487053083,3.363866290325608e-55,102.97371519084851,4.452537108692531e-61
