Modelo,MSE_BoxCox,MAE_BoxCox,MSE_Garch,MAE_Garch
LSTM,1265.6919569946483,35.153304828934495,1263.2220205849178,35.160455985247765
GRU,1265.35035937106,35.17340102998968,1269.5660715608763,35.22280642807802
SVR,1274.3261335470786,35.40590008092455,1274.3167364103554,35.40575307758273
