Bomba,Modelo,Shapiro-Wilk Statistic,Shapiro-Wilk p-value,Kolmogorov-Smirnov Statistic,Kolmogorov-Smirnov p-value,Durbin-Watson,Lagrange Multiplier Statistic,Breusch-Pagan p-value,Breusch-Pagan f-value,Breusch-Pagan f-p-value
MainPumpP1,GRU,0.8897862995557162,9.923840306495724e-33,0.2017331984509243,3.6667170916494456e-59,0.6233566697002909,817.5227747166431,1.2294647644986696e-175,540.419656404286,3.2571879938248757e-244
MainPumpP1,LSTM,0.8963428772529743,6.232474856469723e-32,0.3298793557468828,5.526644957936388e-160,0.6285690233297542,221.96483037374145,7.081077147121256e-47,85.32098489619523,2.6652703867406092e-51
MainPumpP1,SVR_Ajus,0.91254366377687,8.948899484938484e-30,0.14352772222966292,4.929618834346602e-30,1.5893162167036405,292.6197411819729,4.233137762903598e-62,118.35650319713586,2.179913468225437e-69
MainPumpP2,GRU,0.8667205610950071,2.8747260290242394e-35,0.3566876551732992,8.182838411885625e-188,1.2071627779412348,44.56043318179544,4.906952969052494e-09,15.229913991004736,8.902074472307714e-10
MainPumpP2,LSTM,0.8529382817115204,1.2741173593593031e-36,0.31999478051202,2.4766150506334934e-150,1.1627578177776345,106.81155374899608,3.481856094681098e-22,37.983590400188746,9.928543200471827e-24
MainPumpP2,SVR_Ajus,0.8352334451579068,3.225413011750807e-38,0.274637872016651,3.809982544842344e-110,1.414977684129135,222.30330877409213,5.987637913776343e-47,85.47142243976704,2.194328314622323e-51
