Modelo,MSE_BoxCox,MAE_BoxCox,MSE_Garch,MAE_Garch
LSTM,2573.6552664378323,49.54681338456645,2612.2161053515883,49.76630110494376
GRU,2579.1968629171097,49.53253032634385,2575.994672004282,49.49291014565286
SVR,2516.0673597053315,49.33233171561456,2516.067359705332,49.33233171561456
