Modelo,MSE_BoxCox,MAE_BoxCox,MSE_Garch,MAE_Garch
LSTM,1246.5249470974186,34.94574019309671,1252.4139509217734,35.019481898374096
GRU,1276.05227221668,35.32066269864372,1274.954123899283,35.29848706123026
SVR,1274.3261335470786,35.40590008092455,1274.3167364103554,35.40575307758273
