Modelo,MSE_BoxCox,MAE_BoxCox,MSE_Garch,MAE_Garch
LSTM,2577.134564498622,49.559764084036075,2549.9761562282483,49.28924160318361
GRU,2617.0679666311544,49.91545381019242,2587.5834593023637,49.62975138810649
SVR,2516.0673597053315,49.33233171561456,2516.067359705332,49.33233171561456
