Bomba,Modelo,Shapiro-Wilk Statistic,Shapiro-Wilk p-value,Kolmogorov-Smirnov Statistic,Kolmogorov-Smirnov p-value,Durbin-Watson,Lagrange Multiplier Statistic,Breusch-Pagan p-value,Breusch-Pagan f-value,Breusch-Pagan f-p-value
MainPumpP1,GRU,0.9348984196713287,3.2348224111363107e-26,0.22219555398505264,8.089800470811917e-72,0.9335725955182445,736.5865337745133,4.1652191671536445e-158,443.53463368259617,5.534627214579764e-211
MainPumpP1,LSTM,0.9334199186166876,1.76840560014681e-26,0.10469639308280276,3.73677380843497e-16,1.242683598023505,456.06311555330007,2.1234795591724498e-97,209.82318529359975,3.431489342171387e-115
MainPumpP1,SVR_Ajus,0.91254366377687,8.948899484938484e-30,0.14352772222966292,4.929618834346602e-30,1.5893162167036405,261.9331686491095,1.7474271945054462e-55,103.59401295967656,2.0407470371061356e-61
MainPumpP2,GRU,0.8721088080597066,1.0428893409544671e-34,0.28008480763406957,1.2740519431161691e-114,1.1777301722880287,723.7303601170927,2.5333453854069975e-155,429.71187787580385,5.584027343532196e-206
MainPumpP2,LSTM,0.8455779420391364,2.652403146931669e-37,0.3266835034157458,7.91563032019946e-157,0.8805399813383556,849.6695904028159,1.3360843239751221e-182,584.3725580488424,2.5214784940355165e-258
MainPumpP2,SVR_Ajus,0.8352334451579068,3.225413011750807e-38,0.274637872016651,3.809982544842344e-110,1.414977684129135,249.14048878408173,9.97050121377192e-53,97.63149247461214,3.800194074619367e-58
