Modelo,MSE_BoxCox,MAE_BoxCox,MSE_Garch,MAE_Garch
LSTM,2580.2102650095053,49.56543827091091,2519.4809360664813,49.00285344719032
GRU,2599.5261126115265,49.742178904651055,2570.6211811653347,49.45001478790382
SVR,2516.0673597053315,49.33233171561456,2516.067359705332,49.33233171561456
