Bomba,Modelo,Shapiro-Wilk Statistic,Shapiro-Wilk p-value,Kolmogorov-Smirnov Statistic,Kolmogorov-Smirnov p-value,Durbin-Watson,Lagrange Multiplier Statistic,Breusch-Pagan p-value,Breusch-Pagan f-value,Breusch-Pagan f-p-value
MainPumpP1,GRU,0.9344986098696073,2.7446264940619827e-26,0.2275647073248011,2.374461097167601e-75,1.4774634029842286,85.99343382300123,9.336484391269855e-18,30.172039888535807,5.5102747112639525e-19
MainPumpP1,LSTM,0.9222515156110616,2.504300642201154e-28,0.35553721648979913,1.436896072776122e-186,0.9683902778432226,11.44433724736825,0.021999010380247833,3.832163554048683,0.00948207821508784
MainPumpP1,SVR_Ajus,0.91254366377687,8.948899484938484e-30,0.14352772222966292,4.929618834346602e-30,1.5893162167036405,243.29049892863335,1.814638575403649e-51,94.94114351957069,1.1613619223755838e-56
MainPumpP2,GRU,0.8769125260839437,3.413728666371959e-34,0.2919976251166797,9.680188607794998e-125,1.438116982294576,589.0135980329436,3.697343341251598e-126,305.1085104162842,2.161120933897918e-157
MainPumpP2,LSTM,0.8370686248048657,4.650287147324537e-38,0.35752117010934226,1.0194826675877235e-188,1.0804539974595273,66.39070741987028,1.3104128986915385e-13,23.00487975673415,1.3773654574476624e-14
MainPumpP2,SVR_Ajus,0.8352334451579068,3.225413011750807e-38,0.274637872016651,3.809982544842344e-110,1.414977684129135,225.5259812553187,1.212429257371152e-47,86.90734040750931,3.438036622500888e-52
