Modelo,MSE_BoxCox,MAE_BoxCox,MSE_Garch,MAE_Garch
LSTM,1265.0288715856689,35.18375628938012,1282.674369139529,35.41701737253423
GRU,1277.1254595480664,35.33976001000022,1278.4096683037653,35.35166462831957
SVR,1274.3261335470786,35.40590008092455,1274.3167364103554,35.40575307758273
