Modelo,MSE_BoxCox,MAE_BoxCox,MSE_Garch,MAE_Garch
LSTM,2589.5686160469936,49.59718529791538,2602.491964288758,49.73812511001461
GRU,2639.5474625275538,50.13018223291832,2591.796225235963,49.66526476810105
SVR,2516.0673597053315,49.33233171561456,2516.067359705332,49.33233171561456
