Modelo,MSE_BoxCox,MAE_BoxCox,MSE_Garch,MAE_Garch
LSTM,2545.5173860876903,49.22507252587136,2592.274392173612,49.62312850565616
GRU,2606.9431571513865,49.79848378159565,2599.1637367758103,49.76115918333937
SVR,2516.0673597053315,49.33233171561456,2516.067359705332,49.33233171561456
