Modelo,MSE_BoxCox,MAE_BoxCox,MSE_Garch,MAE_Garch
LSTM,1252.0174723364928,34.98914834152568,1275.0466682303322,35.31232757389864
GRU,1261.626508322508,35.127415994654356,1272.0010681681892,35.275964413989676
SVR,1274.3261335470786,35.40590008092455,1274.3167364103554,35.40575307758273
