Bomba,Modelo,Shapiro-Wilk Statistic,Shapiro-Wilk p-value,Kolmogorov-Smirnov Statistic,Kolmogorov-Smirnov p-value,Durbin-Watson,Lagrange Multiplier Statistic,Breusch-Pagan p-value,Breusch-Pagan f-value,Breusch-Pagan f-p-value
MainPumpP1,GRU,0.9263404271216192,1.1228137055474607e-27,0.12222927304029657,7.083476347443468e-22,1.0962405166454858,477.38909995128233,5.199148769828321e-102,223.64628290336785,1.2465011509892234e-121
MainPumpP1,LSTM,0.9079127210732462,2.0195645698171817e-30,0.23180773977357216,3.322722820257946e-78,0.9441117483319237,239.05354159720875,1.48342817498402e-50,93.00659102070227,1.3698298633290713e-55
MainPumpP1,SVR_Ajus,0.91254366377687,8.948899484938484e-30,0.14352772222966292,4.929618834346602e-30,1.5893162167036405,262.47952045888087,1.332472881953281e-55,103.85111816836388,1.4772236015477072e-61
MainPumpP2,GRU,0.766474312771121,2.4437358640962475e-43,0.39626557304307786,1.9165829251318737e-233,0.7953789389152899,480.4053264497565,1.157952971932638e-102,225.64220800266244,1.4974530955939518e-122
MainPumpP2,LSTM,0.8716249379846694,9.273038170872157e-35,0.25553070640689135,3.4571885449515146e-95,1.2704830226676955,630.8264987752833,3.2962559936458005e-135,340.2397069272495,8.973765826648121e-172
MainPumpP2,SVR_Ajus,0.8352334451579068,3.225413011750807e-38,0.274637872016651,3.809982544842344e-110,1.414977684129135,242.70650009768943,2.424201148758306e-51,94.67380085744155,1.6326067182405887e-56
