Bomba,Modelo,Shapiro-Wilk Statistic,Shapiro-Wilk p-value,Kolmogorov-Smirnov Statistic,Kolmogorov-Smirnov p-value,Durbin-Watson,Lagrange Multiplier Statistic,Breusch-Pagan p-value,Breusch-Pagan f-value,Breusch-Pagan f-p-value
MainPumpP1,GRU,0.8840613258659715,2.1380460095928513e-33,0.3106589234321353,1.6313234854352516e-141,1.4162651277704696,587.0265699709086,9.951873691808792e-126,303.50812663155205,1.0088644905342441e-156
MainPumpP1,LSTM,0.8612534098353354,8.108051298329582e-36,0.2333902132157461,2.7724684777013146e-79,1.3115935251688058,242.80576463287238,2.3077553551628756e-51,94.71922641259981,1.540793772969676e-56
MainPumpP1,SVR_Ajus,0.8352334451579068,3.225413011750807e-38,0.274637872016651,3.809982544842344e-110,1.414977684129135,227.14958418096668,5.422300592804171e-48,87.63323772431535,1.349084084080002e-52
MainPumpP2,GRU,0.9334363189988045,1.780190829356803e-26,0.19454843352876422,5.09720173828468e-55,0.9332522665209713,670.6543217603584,7.870935230834119e-144,376.5069442969184,4.8999109699388085e-186
MainPumpP2,LSTM,0.9247954366734588,6.322464244332526e-28,0.18198406201078715,3.797655124926236e-48,1.0113533196228752,224.5725681851147,1.9447498958503723e-47,86.48185190305931,5.951946340646467e-52
MainPumpP2,SVR_Ajus,0.91254366377687,8.948899484938484e-30,0.14352772222966292,4.929618834346602e-30,1.5893162167036405,259.7703553461108,5.1106309703139596e-55,102.57821504377782,7.324916003552882e-61
