Bomba,Modelo,Shapiro-Wilk Statistic,Shapiro-Wilk p-value,Kolmogorov-Smirnov Statistic,Kolmogorov-Smirnov p-value,Durbin-Watson,Lagrange Multiplier Statistic,Breusch-Pagan p-value,Breusch-Pagan f-value,Breusch-Pagan f-p-value
MainPumpP1,GRU,0.920132499198009,1.1785942580571202e-28,0.16810227197168987,4.203828525662804e-41,0.870982534198547,611.9282118959201,4.060361691716519e-131,324.00916931568105,3.3524275770629057e-165
MainPumpP1,LSTM,0.8876070674198833,5.49228958091113e-33,0.12228423298138852,6.77489560896348e-22,0.6690361471888926,546.7156997064855,5.2542606649899764e-117,272.2915074535127,2.057648087929826e-143
MainPumpP1,SVR_Ajus,0.91254366377687,8.948899484938484e-30,0.14352772222966292,4.929618834346602e-30,1.5893162167036405,261.3256337130158,2.3622333231055068e-55,103.3083542803537,2.9226849848076246e-61
MainPumpP2,GRU,0.8713160423404778,8.604667322053306e-35,0.23545064621362577,1.0638814354117372e-80,1.7807663617580303,197.1023050970422,1.5769740810847574e-41,74.46310693609342,3.734131185093807e-45
MainPumpP2,LSTM,0.8658468140515732,2.341819890581945e-35,0.23868712728470098,5.97393647637426e-83,1.420464696638375,187.00764294794217,2.3294621997013222e-39,70.16029967355446,1.0880365925198673e-42
MainPumpP2,SVR_Ajus,0.8352334451579068,3.225413011750807e-38,0.274637872016651,3.809982544842344e-110,1.414977684129135,214.77232449149201,2.4989418075408957e-45,82.14109089664814,1.6412472574793217e-49
