Bomba,Modelo,Shapiro-Wilk Statistic,Shapiro-Wilk p-value,Kolmogorov-Smirnov Statistic,Kolmogorov-Smirnov p-value,Durbin-Watson,Lagrange Multiplier Statistic,Breusch-Pagan p-value,Breusch-Pagan f-value,Breusch-Pagan f-p-value
MainPumpP1,GRU,0.9297054007311387,4.0533983053396e-27,0.14380104632228474,3.797432532915788e-30,1.5321423105959864,321.2549516155494,2.811180975457631e-68,132.74947373602558,5.4008863401261805e-77
MainPumpP1,LSTM,0.9302167702017297,4.946868506611222e-27,0.1338663744089205,3.611511093093145e-26,1.107372252839252,619.4197066380966,9.706769981919362e-133,330.3715776561594,8.600594215107139e-168
MainPumpP1,SVR_Ajus,0.91254366377687,8.948899484938484e-30,0.14352772222966292,4.929618834346602e-30,1.5893162167036405,279.08940594928094,3.5020311222400765e-59,111.76566439939921,7.509689316176666e-66
MainPumpP2,GRU,0.8592559179174045,5.157021023670975e-36,0.23277119921294365,7.34023906341832e-79,1.1535144435032867,354.12731934846283,2.253227032382787e-75,150.05944938414834,6.2067568705746336e-86
MainPumpP2,LSTM,0.7719472051484738,5.582830584628327e-43,0.5021749756233941,0.0,0.6082576072095012,269.6991057674045,3.703748672834671e-57,107.26773426340856,2.0398682254641546e-63
MainPumpP2,SVR_Ajus,0.8352334451579068,3.225413011750807e-38,0.274637872016651,3.809982544842344e-110,1.414977684129135,230.5541474790547,1.0029910983566408e-48,89.16079639688814,1.8904581701343614e-53
