Bomba,Modelo,Shapiro-Wilk Statistic,Shapiro-Wilk p-value,Kolmogorov-Smirnov Statistic,Kolmogorov-Smirnov p-value,Durbin-Watson,Lagrange Multiplier Statistic,Breusch-Pagan p-value,Breusch-Pagan f-value,Breusch-Pagan f-p-value
MainPumpP1,GRU,0.9305174353618165,5.5644599894072426e-27,0.23574373591729425,6.674397038046326e-81,0.8957104529707323,145.161659795128,2.2146788864215466e-30,52.94132426104591,1.1630302282453966e-32
MainPumpP1,LSTM,0.9125848044197318,9.07050819682593e-30,0.2258405777953012,3.307513691116503e-74,0.9580129478723806,231.37176510428318,6.687717027521097e-49,89.52874057540255,1.1783893245230293e-53
MainPumpP1,SVR_Ajus,0.91254366377687,8.948899484938484e-30,0.14352772222966292,4.929618834346602e-30,1.5893162167036405,258.55932610260857,9.320352570459821e-55,102.01082097552055,1.4968789040833972e-60
MainPumpP2,GRU,0.8688794904743238,4.7931981576352136e-35,0.2804012757612919,6.954083683421296e-115,1.448091985972508,136.96969781599003,1.2568925231901958e-28,49.68230717701087,9.866016602236881e-31
MainPumpP2,LSTM,0.8629033699830745,1.1829229145055806e-35,0.21971441493632948,3.2394853863646686e-70,1.4863190464478468,375.6580380799152,5.046174058664899e-80,161.88304885066938,6.487025117641582e-92
MainPumpP2,SVR_Ajus,0.8352334451579068,3.225413011750807e-38,0.274637872016651,3.809982544842344e-110,1.414977684129135,227.96508963926885,3.6194423852375617e-48,87.99846998895481,8.429388825835987e-53
