Modelo,MSE_BoxCox,MAE_BoxCox,MSE_Garch,MAE_Garch
LSTM,2579.35541564137,49.5245131397863,2584.3794678216186,49.6070504570623
GRU,2605.1740334156775,49.80768805566101,2590.8055912318164,49.65314986038756
SVR,2516.0673597053315,49.33233171561456,2516.067359705332,49.33233171561456
