Modelo,MSE_BoxCox,MAE_BoxCox,MSE_Garch,MAE_Garch
LSTM,1257.580977361952,35.070660889467455,1264.7941252495668,35.17871632818232
GRU,1274.6379172425038,35.29219069021908,1278.316299110707,35.36508991119059
SVR,1274.3261335470786,35.40590008092455,1274.3167364103554,35.40575307758273
