Modelo,MAE,MSE,R2
SVR,10.812065583552911,211.49403336383008,-0.2870514715832597
SVR,7.990059223823779,105.7422465514359,0.3565032929396075
GRU,9.618481740416831,167.02617991140158,-0.016295755933723566
LSTM,9.88575305177947,164.54250816203103,-0.0011834839572184563
