Modelo,MSE_BoxCox,MAE_BoxCox,MSE_Garch,MAE_Garch
LSTM,1287.166079640455,35.43235885217228,1261.0497300414302,35.13176056318742
GRU,1269.142046660286,35.227769652152446,1279.2665699331308,35.36551045912473
SVR,1274.3261335470786,35.40590008092455,1274.3167364103554,35.40575307758273
