Modelo,MAE,MSE,R2
State Space Model,10.074764,134.064864,-1558.186746
GRU,0.015496,0.000508,0.994633
RNN,0.015371,0.000504,0.994681
Regressão Linear Múltipla,11.972704,179.273296,0.045807
Media Movel,0.039912,0.004005,0.957858
Model AR,0.832445,1.528157,0.991024
ARIMA,11.424866,236.948915,-0.391762
SVR,8.477534,131.097689,0.302225
Correlação,0.857699,1.773837,0.990583
