Modelo,MSE_BoxCox,MAE_BoxCox,MSE_Garch,MAE_Garch
LSTM,2572.49004144089,49.543041319347694,2592.67951305762,49.69595448163524
GRU,2596.667350513296,49.74668107627967,2611.823137516618,49.86200404341628
SVR,2516.0673597053315,49.33233171561456,2516.067359705332,49.33233171561456
