Modelo,MSE_BoxCox,MAE_BoxCox,MSE_Garch,MAE_Garch
LSTM,2598.585592710531,49.699971311574686,2569.794566726769,49.49300079660402
GRU,2585.4941862069672,49.598851390788,2593.4028712870568,49.67570928439519
SVR,2516.0673597053315,49.33233171561456,2516.067359705332,49.33233171561456
