Bomba,Modelo,Shapiro-Wilk Statistic,Shapiro-Wilk p-value,Kolmogorov-Smirnov Statistic,Kolmogorov-Smirnov p-value,Durbin-Watson,Lagrange Multiplier Statistic,Breusch-Pagan p-value,Breusch-Pagan f-value,Breusch-Pagan f-p-value
MainPumpP1,GRU,0.9021947753405072,3.4767612802649586e-31,0.1720638535262804,4.697896861491777e-43,0.7259608433343253,735.0569742004266,8.930528780267618e-158,441.86960445608787,2.1984977658245535e-210
MainPumpP1,LSTM,0.9071617997272189,1.5952553382265345e-30,0.10866433878701615,2.2681524866621015e-17,0.8495331004009089,526.4318002474574,1.2845351013210671e-112,257.4346336674538,6.703073059202191e-137
MainPumpP1,SVR_Ajus,0.91254366377687,8.948899484938484e-30,0.14352772222966292,4.929618834346602e-30,1.5893162167036405,267.6314919753497,1.0334763553469894e-56,106.28559115270284,6.970388502178909e-63
MainPumpP2,GRU,0.8858015933234168,3.387343951908725e-33,0.4619475103184944,7.8e-322,0.9905453508346578,1052.9207822233107,1.2115659295831753e-226,972.754406139918,0.0
MainPumpP2,LSTM,0.8600257984931987,6.135862142817368e-36,0.20716389470471397,2.1342004802821483e-62,1.4799645612626595,325.0694971145884,4.2234332196782417e-69,134.71392208375727,5.08971562869065e-78
MainPumpP2,SVR_Ajus,0.8352334451579068,3.225413011750807e-38,0.274637872016651,3.809982544842344e-110,1.414977684129135,222.30607915745142,5.979423480613067e-47,85.4726540386924,2.1908386738358732e-51
