Modelo,MSE_BoxCox,MAE_BoxCox,MSE_Garch,MAE_Garch
LSTM,1275.0895379175477,35.311146895643226,1280.489104934608,35.375053319829036
GRU,1292.7505896484818,35.54816509376873,1259.526810913929,35.09991331202461
SVR,1274.3261335470786,35.40590008092455,1274.3167364103554,35.40575307758273
