Modelo,MSE_BoxCox,MAE_BoxCox,MSE_Garch,MAE_Garch
LSTM,1260.0678057774287,35.095627408486635,1257.5174960481284,35.06492584274414
GRU,1267.672592037527,35.21699992309917,1275.6283218394337,35.31816670014897
SVR,1274.3261335470786,35.40590008092455,1274.3167364103554,35.40575307758273
