Modelo,MSE_BoxCox,MAE_BoxCox,MSE_Garch,MAE_Garch
LSTM,2613.2202584790484,49.87018019486021,2594.2699845902725,49.640379943909224
GRU,2598.4020770296474,49.73791797616047,2603.7359697420216,49.79484753222171
SVR,2516.0673597053315,49.33233171561456,2516.067359705332,49.33233171561456
