Bomba,Modelo,Shapiro-Wilk Statistic,Shapiro-Wilk p-value,Kolmogorov-Smirnov Statistic,Kolmogorov-Smirnov p-value,Durbin-Watson,Lagrange Multiplier Statistic,Breusch-Pagan p-value,Breusch-Pagan f-value,Breusch-Pagan f-p-value
MainPumpP1,GRU,0.8706924045185443,7.401710447456288e-35,0.19182174953208825,1.733656590577322e-53,1.4043257400468132,347.45639689424826,6.211050530792267e-74,146.47573202645103,4.2217243492966e-84
MainPumpP1,LSTM,0.8263504083661594,5.741954379774534e-39,0.29492729601296486,2.67532128002428e-127,1.0625250566118505,308.48555176979755,1.600386795637106e-65,126.25497392978056,1.3951840784019139e-73
MainPumpP1,SVR_Ajus,0.8352334451579068,3.225413011750807e-38,0.274637872016651,3.809982544842344e-110,1.414977684129135,235.6555870822135,7.997559563092025e-50,91.46352371532788,9.857345942260407e-55
MainPumpP2,GRU,0.9001244012710506,1.8756229695081836e-31,0.2744210236029574,5.716803622465761e-110,0.9806655276808611,191.12194866303383,3.042270328912772e-40,71.90679151015628,1.082298457343289e-43
MainPumpP2,LSTM,0.9321923556727133,1.0794261654659832e-26,0.13972585607724497,1.7634403587500844e-28,1.4199181021708127,355.9230096791212,9.226990637745618e-76,151.03045648655697,1.985733321921186e-86
MainPumpP2,SVR_Ajus,0.91254366377687,8.948899484938484e-30,0.14352772222966292,4.929618834346602e-30,1.5893162167036405,257.0824177300659,1.939412713683514e-54,101.32019674277478,3.575531672268644e-60
