Modelo,MSE_BoxCox,MAE_BoxCox,MSE_Garch,MAE_Garch
LSTM,2545.6194649767986,49.202531068807346,2566.854008247164,49.45045151043486
GRU,2612.244699480655,49.872213630457345,2602.5233092011913,49.77360852219624
SVR,2516.0673597053315,49.33233171561456,2516.067359705332,49.33233171561456
