Modelo,MSE_BoxCox,MAE_BoxCox,MSE_Garch,MAE_Garch
LSTM,1279.2993175952188,35.37569725615455,1252.8027742968916,35.017147975426944
GRU,1266.036400544085,35.18665658127178,1270.1061926683883,35.23933349739421
SVR,1274.3261335470786,35.40590008092455,1274.3167364103554,35.40575307758273
