Modelo,MSE_BoxCox,MAE_BoxCox,MSE_Garch,MAE_Garch
LSTM,1260.0265208205947,35.1053790509382,1249.4426747925631,34.976043862072544
GRU,1260.7918932529774,35.11318077301597,1271.9192206077125,35.26671396105047
SVR,1274.3261335470786,35.40590008092455,1274.3167364103554,35.40575307758273
