Modelo,MSE_BoxCox,MAE_BoxCox,MSE_Garch,MAE_Garch
LSTM,1264.1324990372018,35.14544512906814,1280.1976927185713,35.37079807832279
GRU,1271.0807245154836,35.26691056802311,1255.29341632646,35.021979135243015
SVR,1274.3261335470786,35.40590008092455,1274.3167364103554,35.40575307758273
