Modelo,MSE_BoxCox,MAE_BoxCox,MSE_Garch,MAE_Garch
LSTM,1263.8505218827086,35.15786517469641,1263.2982353422822,35.16405449015572
GRU,1277.8837409679677,35.34308017944907,1264.7439676219274,35.17978994106864
SVR,1274.3261335470786,35.40590008092455,1274.3167364103554,35.40575307758273
