Modelo,MSE_BoxCox,MAE_BoxCox,MSE_Garch,MAE_Garch
LSTM,2551.9963523928955,49.301853042832406,2602.1247306386967,49.7589677168957
GRU,2571.2919736816393,49.474745690463436,2607.306397775935,49.797487361632946
SVR,2516.0673597053315,49.33233171561456,2516.067359705332,49.33233171561456
