Modelo,MSE_BoxCox,MAE_BoxCox,MSE_Garch,MAE_Garch
LSTM,1258.83606647675,35.10121797214855,1266.957957523626,35.21886618660095
GRU,1269.3463591357431,35.21722867731104,1274.544730551128,35.312138360706875
SVR,1274.3261335470786,35.40590008092455,1274.3167364103554,35.40575307758273
