Bomba,Modelo,Shapiro-Wilk Statistic,Shapiro-Wilk p-value,Kolmogorov-Smirnov Statistic,Kolmogorov-Smirnov p-value,Durbin-Watson,Lagrange Multiplier Statistic,Breusch-Pagan p-value,Breusch-Pagan f-value,Breusch-Pagan f-p-value
MainPumpP1,GRU,0.8620604728305095,9.74898007476586e-36,0.19971274078482693,5.560299396457559e-58,2.885006819086446,150.03463614934213,2.0012680244336875e-31,54.89688788662037,8.185323891708217e-34
MainPumpP1,LSTM,0.9196749044084791,1.0036104027918133e-28,0.3258219128047667,5.540019400542239e-156,2.6167419180486897,361.05950160155794,7.17584780967552e-77,153.82297514753105,7.556172773809843e-88
MainPumpP1,SVM,0.8935378824596317,2.80891066238436e-32,0.5371537121063906,0.0,0.26002054858961376,1409.8643021161338,5.019028262108798e-304,3279.7902666332666,0.0
MainPumpP1,SVR_Ajus,0.8935378824596317,2.80891066238436e-32,0.5371537121063906,0.0,0.26002054858961376,1409.8643021161338,5.019028262108798e-304,3279.7902666332666,0.0
MainPumpP2,GRU,0.9071776863785973,1.6032101902356875e-30,0.4350311681145659,1.257079821482806e-283,2.6168802700123948,353.3184649829356,3.3686658451119025e-75,149.62294892843886,1.0365280335008478e-85
MainPumpP2,LSTM,0.8857408934769074,3.333100686196362e-33,0.22208102702812346,9.601159760434073e-72,2.805715757875231,183.4320569011773,1.3658083450088512e-38,68.6504760854349,8.041045474605754e-42
MainPumpP2,SVM,0.8935378824596317,2.80891066238436e-32,0.5371537121063906,0.0,0.26002054858961376,1413.7263332507293,7.297541753568522e-305,3343.693707794719,0.0
MainPumpP2,SVR_Ajus,0.8935378824596317,2.80891066238436e-32,0.5371537121063906,0.0,0.26002054858961376,1413.7263332507293,7.297541753568522e-305,3343.693707794719,0.0
