Bomba,Modelo,Shapiro-Wilk Statistic,Shapiro-Wilk p-value,Kolmogorov-Smirnov Statistic,Kolmogorov-Smirnov p-value,Durbin-Watson,Lagrange Multiplier Statistic,Breusch-Pagan p-value,Breusch-Pagan f-value,Breusch-Pagan f-p-value
MainPumpP1,GRU,0.9050188141654067,8.2043451225145e-31,0.19500784291834772,2.7994406099071445e-55,1.5194696029578678,175.49314577226883,6.923077297054465e-37,65.3244661372329,6.700771313269657e-40
MainPumpP1,LSTM,0.8426969492368076,1.4586608915861213e-37,0.4172821782342874,5.872445480038426e-260,1.1168454302635695,6.211974772857621,0.18386727010134765,2.073453154676388,0.10180661284209386
MainPumpP1,SVR_Ajus,0.8352334451579068,3.225413011750807e-38,0.274637872016651,3.809982544842344e-110,1.414977684129135,202.86155146759387,9.111801820971202e-43,76.94494850040076,1.4393321667193766e-46
MainPumpP2,GRU,0.9188461106403001,7.514951260611281e-29,0.2038760969971966,1.9880189672078306e-60,0.7510418702096173,760.5531642113853,2.686698459614377e-163,470.37601808217465,1.6692269225645762e-220
MainPumpP2,LSTM,0.8897167389590761,9.736816348342263e-33,0.2609146061523323,2.7564592133760013e-99,0.7147683978602546,286.0574232966076,1.1012067208647059e-60,115.14350438767421,1.1441187238081277e-67
MainPumpP2,SVR_Ajus,0.91254366377687,8.948899484938484e-30,0.14352772222966292,4.929618834346602e-30,1.5893162167036405,268.37786413883885,7.135565665089703e-57,106.63978724423954,4.4741565554427886e-63
