Modelo,MSE_BoxCox,MAE_BoxCox,MSE_Garch,MAE_Garch
LSTM,2581.5303012324302,49.53888712103774,2592.083496124501,49.646300349858095
GRU,2598.496218607588,49.71880195034799,2576.9662885366474,49.53074030770121
SVR,2516.0673597053315,49.33233171561456,2516.067359705332,49.33233171561456
