Modelo,MSE_BoxCox,MAE_BoxCox,MSE_Garch,MAE_Garch
LSTM,1257.0840382401634,35.08321097419862,1234.071150889636,34.753300161540196
GRU,1261.961983415862,35.14927313990771,1268.1195066534672,35.208272498814175
SVR,1274.3261335470786,35.40590008092455,1274.3167364103554,35.40575307758273
