Bomba,Modelo,Shapiro-Wilk Statistic,Shapiro-Wilk p-value,Kolmogorov-Smirnov Statistic,Kolmogorov-Smirnov p-value,Durbin-Watson,Lagrange Multiplier Statistic,Breusch-Pagan p-value,Breusch-Pagan f-value,Breusch-Pagan f-p-value
MainPumpP1,GRU,0.9070809142006653,1.5553778836090045e-30,0.20366624007085032,2.6485054312060743e-60,0.7929945342418973,720.0204991031668,1.6108485978345217e-154,425.794531259953,1.5062370533533406e-204
MainPumpP1,LSTM,0.9252336236993743,7.4339916924779355e-28,0.45790956348510903,6.4426162e-316,0.7806406864843397,107.16502089356523,2.927284229380847e-22,38.118047271132504,8.235610716485765e-24
MainPumpP1,SVR_Ajus,0.91254366377687,8.948899484938484e-30,0.14352772222966292,4.929618834346602e-30,1.5893162167036405,263.86236409150007,6.708763977626399e-56,104.50277322513898,6.515959335128504e-62
MainPumpP2,GRU,0.8804226399298648,8.312532710620725e-34,0.2509528540631928,8.956323964657212e-92,1.356601146354358,530.0997938332049,2.0665952892116384e-113,260.08120334259115,4.543130415207284e-138
MainPumpP2,LSTM,0.8730991592077759,1.3278088633820669e-34,0.24634979361470036,2.0817218116883472e-88,1.43576545437962,504.59903296608246,6.781824787579666e-108,242.03388019771637,5.0733895278863534e-130
MainPumpP2,SVR_Ajus,0.8352334451579068,3.225413011750807e-38,0.274637872016651,3.809982544842344e-110,1.414977684129135,242.0715534123367,3.3213698058569996e-51,94.38338786173743,2.3638940848199065e-56
