Bomba,Modelo,Shapiro-Wilk Statistic,Shapiro-Wilk p-value,Kolmogorov-Smirnov Statistic,Kolmogorov-Smirnov p-value,Durbin-Watson,Lagrange Multiplier Statistic,Breusch-Pagan p-value,Breusch-Pagan f-value,Breusch-Pagan f-p-value
MainPumpP1,GRU,0.9512314319796599,5.754734901136556e-23,0.28249501870521915,1.2431737959930652e-116,1.4816146861707298,88.59039146710852,2.6235724321929987e-18,31.13508414933709,1.4236872716437008e-19
MainPumpP1,LSTM,0.9175117044934344,4.7393188635294756e-29,0.19676911212499676,2.7759065801893316e-56,0.9085542498916053,317.6943459436243,1.649127645875144e-67,130.92599033242826,4.8668928684877444e-76
MainPumpP1,SVR_Ajus,0.91254366377687,8.948899484938484e-30,0.14352772222966292,4.929618834346602e-30,1.5893162167036405,276.40976293231444,1.3244545877224008e-58,110.47582850505044,3.731832522493414e-65
MainPumpP2,GRU,0.8693142122803573,5.317227569838346e-35,0.3623569861034361,5.1678167547420614e-194,1.2066965954537774,12.478501719031568,0.01412607171902874,4.181102942593858,0.005854250171289014
MainPumpP2,LSTM,0.8592072606719087,5.1008177217533105e-36,0.2912692442002123,4.146559292889462e-124,1.5332629781246463,102.36403259645247,3.0864099124502854e-21,36.29704415909805,1.0390918540675096e-22
MainPumpP2,SVR_Ajus,0.8352334451579068,3.225413011750807e-38,0.274637872016651,3.809982544842344e-110,1.414977684129135,212.83074661412687,6.538182294138005e-45,81.28817046078592,4.973164579064363e-49
