Modelo,MSE_BoxCox,MAE_BoxCox,MSE_Garch,MAE_Garch
LSTM,1260.9595892505881,35.134498963254025,1249.9692923029563,34.963707178799226
GRU,1256.848030088345,35.06706628480697,1280.6831159950225,35.38960184591976
SVR,1274.3261335470786,35.40590008092455,1274.3167364103554,35.40575307758273
