Modelo,MSE_BoxCox,MAE_BoxCox,MSE_Garch,MAE_Garch
LSTM,2569.2431739853623,49.45540248119677,2551.2067076374615,49.281216732535505
GRU,2595.3665183605713,49.730438158433444,2611.626646972179,49.85685620622621
SVR,2516.0673597053315,49.33233171561456,2516.067359705332,49.33233171561456
