Bomba,Modelo,Shapiro-Wilk Statistic,Shapiro-Wilk p-value,Kolmogorov-Smirnov Statistic,Kolmogorov-Smirnov p-value,Durbin-Watson,Lagrange Multiplier Statistic,Breusch-Pagan p-value,Breusch-Pagan f-value,Breusch-Pagan f-p-value
MainPumpP1,GRU,0.8907405216628018,1.289571421158151e-32,0.36409218482693106,6.217222965011735e-196,0.7063948874571304,87.87579398715393,3.7207161012955924e-18,30.86976563934854,2.0666338108146603e-19
MainPumpP1,LSTM,0.9285039374576356,2.549461274762093e-27,0.12253545094504387,5.525494728822909e-22,0.8184090168480023,559.4244050336432,9.349647075241402e-120,281.88285640567136,1.4823754932422104e-147
MainPumpP1,SVR_Ajus,0.91254366377687,8.948899484938484e-30,0.14352772222966292,4.929618834346602e-30,1.5893162167036405,257.14454398385243,1.8805453980216883e-54,101.34921828453778,3.4470043689486645e-60
MainPumpP2,GRU,0.8050763640968965,1.2097240707976648e-40,0.2621571006359438,3.031151945747168e-100,0.9837868646598558,615.425782474535,7.104672941581874e-132,326.9680779523253,2.080296071094252e-166
MainPumpP2,LSTM,0.8550780438857242,2.03460931577956e-36,0.2960088214999149,2.9913216374135253e-128,1.2382451521521294,640.9135904083464,2.16025373693733e-137,349.15295198143434,2.4801542264697344e-175
MainPumpP2,SVR_Ajus,0.8352334451579068,3.225413011750807e-38,0.274637872016651,3.809982544842344e-110,1.414977684129135,225.39269928497944,1.2952205937440618e-47,86.84782506175176,3.7122756493902275e-52
