Modelo,MSE_BoxCox,MAE_BoxCox,MSE_Garch,MAE_Garch
LSTM,2581.41530586881,49.57932016462986,2595.023918638259,49.6502708522627
GRU,2592.7224662831786,49.659013449786556,2611.5105816133755,49.846939897879295
SVR,2516.0673597053315,49.33233171561456,2516.067359705332,49.33233171561456
