Modelo,MSE_BoxCox,MAE_BoxCox,MSE_Garch,MAE_Garch
LSTM,1248.9337058970843,34.96284498989901,1259.1353167382845,35.09688679853225
GRU,1271.8719567567875,35.2737876032763,1266.7731002741077,35.19369944365904
SVR,1274.3261335470786,35.40590008092455,1274.3167364103554,35.40575307758273
