Bomba,Modelo,Shapiro-Wilk Statistic,Shapiro-Wilk p-value,Kolmogorov-Smirnov Statistic,Kolmogorov-Smirnov p-value,Durbin-Watson,Lagrange Multiplier Statistic,Breusch-Pagan p-value,Breusch-Pagan f-value,Breusch-Pagan f-p-value
MainPumpP1,GRU,0.9009982055850382,2.4306958496641858e-31,0.16985417402880365,5.838381393994443e-42,0.7262187290685606,624.9918568852447,6.039132592645207e-134,335.1645259147377,9.888732937956708e-170
MainPumpP1,LSTM,0.9201747357321148,1.1962514475643757e-28,0.4394473557011612,1.057749886629883e-289,0.8197393237007001,45.74652003264323,2.7808727726788297e-09,15.646891985107112,4.906557067633081e-10
MainPumpP1,SVR_Ajus,0.91254366377687,8.948899484938484e-30,0.14352772222966292,4.929618834346602e-30,1.5893162167036405,260.0983701733896,4.3430103616992755e-55,102.73206805501182,6.0351149242521185e-61
MainPumpP2,GRU,0.8688308932830622,4.7380057457833396e-35,0.263098606859946,5.6478236950945374e-101,1.342345448184293,178.01118765270382,1.993568873850655e-37,66.3755025440351,1.6522041759765707e-40
MainPumpP2,LSTM,0.875634652932884,2.481380842709233e-34,0.22084463257236897,6.064780010520442e-71,1.301489259898414,512.7521223165421,1.1691210958904141e-109,247.71555454887857,1.4191769194882298e-132
MainPumpP2,SVR_Ajus,0.8352334451579068,3.225413011750807e-38,0.274637872016651,3.809982544842344e-110,1.414977684129135,249.83221093603674,7.074666582253977e-53,97.95109982699495,2.5338136202522417e-58
