Modelo,MSE_BoxCox,MAE_BoxCox,MSE_Garch,MAE_Garch
LSTM,1257.1636999524646,35.08861494867559,1258.2502448631299,35.10217102938157
GRU,1275.487805056454,35.31119455551719,1263.5005916618798,35.14122564754384
SVR,1274.3261335470786,35.40590008092455,1274.3167364103554,35.40575307758273
