Modelo,MSE_BoxCox,MAE_BoxCox,MSE_Garch,MAE_Garch
LSTM,2488.0642053455967,48.626462562286015,2584.039376015417,49.5879393482824
GRU,2606.8756571834,49.80729340278948,2587.8437782295296,49.63292491329965
SVR,2516.0673597053315,49.33233171561456,2516.067359705332,49.33233171561456
