Modelo,MSE_BoxCox,MAE_BoxCox,MSE_Garch,MAE_Garch
LSTM,1270.081508026297,35.263867502671516,1253.7687705859505,35.02927653330532
GRU,1263.817998692131,35.159757313626336,1276.5244274481415,35.3277757879247
SVR,1274.3261335470786,35.40590008092455,1274.3167364103554,35.40575307758273
