Bomba,Modelo,Shapiro-Wilk Statistic,Shapiro-Wilk p-value,Kolmogorov-Smirnov Statistic,Kolmogorov-Smirnov p-value,Durbin-Watson,Lagrange Multiplier Statistic,Breusch-Pagan p-value,Breusch-Pagan f-value,Breusch-Pagan f-p-value
MainPumpP1,GRU,0.9342890751419954,2.518915687598835e-26,0.13019522113483134,9.007119652244385e-25,1.0300419671555903,557.8180704706577,2.081430727867614e-119,280.65816424997394,4.97993094720561e-147
MainPumpP1,LSTM,0.9228230319650186,3.0771506446687034e-28,0.1648071940616781,1.627494203041337e-39,1.109777368913617,355.16569510368487,1.3445871956302294e-75,150.62061420155254,3.2117626037115395e-86
MainPumpP1,SVR_Ajus,0.91254366377687,8.948899484938484e-30,0.14352772222966292,4.929618834346602e-30,1.5893162167036405,284.65987726196875,2.204093216044824e-60,114.46325096174694,2.6526981242376236e-67
MainPumpP2,GRU,0.8783394083805152,4.8896296250998365e-34,0.21789465402412897,4.719385716770248e-69,1.6013359953482253,304.860090360032,9.691319578284753e-65,124.43362683806467,1.2805163147164167e-72
MainPumpP2,LSTM,0.8480050914080794,4.420344359290888e-37,0.3066856690139478,7.565508161495595e-138,1.18531338678766,90.35326717712543,1.1077954828180027e-18,31.790654495601448,5.672346619629834e-20
MainPumpP2,SVR_Ajus,0.8352334451579068,3.225413011750807e-38,0.274637872016651,3.809982544842344e-110,1.414977684129135,214.6161343382881,2.699972683986891e-45,82.07239210485312,1.7944438038454947e-49
