Modelo,MSE_BoxCox,MAE_BoxCox,MSE_Garch,MAE_Garch
LSTM,2582.0188357121906,49.59520880088231,2606.5538042173926,49.838201228652146
GRU,2593.511497789868,49.65277022928897,2605.083985057877,49.8012109142807
SVR,2516.0673597053315,49.33233171561456,2516.067359705332,49.33233171561456
