Modelo,MSE_BoxCox,MAE_BoxCox,MSE_Garch,MAE_Garch
LSTM,2554.71710004243,49.293531780024,2601.177534196663,49.75662237510106
GRU,2582.4588709192835,49.61424612752676,2580.0853888123443,49.526639474481556
SVR,2516.0673597053315,49.33233171561456,2516.067359705332,49.33233171561456
