Bomba,Modelo,Shapiro-Wilk Statistic,Shapiro-Wilk p-value,Kolmogorov-Smirnov Statistic,Kolmogorov-Smirnov p-value,Durbin-Watson,Lagrange Multiplier Statistic,Breusch-Pagan p-value,Breusch-Pagan f-value,Breusch-Pagan f-p-value
MainPumpP1,GRU,0.8549618849114691,1.9832830885006598e-36,0.21337287542867722,3.3192295791744886e-66,2.902948372384485,166.26304723800993,6.628217852118813e-35,61.5024103301959,1.111019308985872e-37
MainPumpP1,LSTM,0.8858309190768731,3.413874046812855e-33,0.2511907321419584,5.975463614407987e-92,2.797580338348163,168.65728493561332,2.0306297572803377e-35,62.48924041715954,2.9605388566308947e-38
MainPumpP1,SVM,0.8935378824596317,2.80891066238436e-32,0.5371537121063906,0.0,0.26002054858961376,1414.8917351006994,4.078215293862149e-305,3363.3984395944017,0.0
MainPumpP1,SVR_Ajus,0.8935378824596317,2.80891066238436e-32,0.5371537121063906,0.0,0.26002054858961376,1414.8917351006994,4.078215293862149e-305,3363.3984395944017,0.0
MainPumpP2,GRU,0.891236876212124,1.478880138224952e-32,0.2578220423458469,6.39154611685537e-97,0.6814306336679076,356.4575455614628,7.073513651470511e-76,151.3200257783363,1.414011575264692e-86
MainPumpP2,LSTM,0.875784261824624,2.575455412595062e-34,0.34918502361016546,8.858907362648278e-180,0.58344544988125,261.63437962061624,2.026694906569268e-55,103.45349309261312,2.435095748115323e-61
MainPumpP2,SVM,0.9398627868532922,2.661564999428574e-25,0.17352632913517668,8.701528887473932e-44,0.9912500035771791,554.9283066766834,8.782508436013754e-119,278.46405480608496,4.385329475877396e-146
MainPumpP2,SVR_Ajus,0.9398627868532922,2.661564999428574e-25,0.17352632913517668,8.701528887473932e-44,0.9912500035771791,554.9283066766834,8.782508436013754e-119,278.46405480608496,4.385329475877396e-146
