Bomba,Modelo,Shapiro-Wilk Statistic,Shapiro-Wilk p-value,Kolmogorov-Smirnov Statistic,Kolmogorov-Smirnov p-value,Durbin-Watson,Lagrange Multiplier Statistic,Breusch-Pagan p-value,Breusch-Pagan f-value,Breusch-Pagan f-p-value
MainPumpP1,GRU,0.906828305270203,1.4373033090065612e-30,0.11560607289982511,1.3089885530209022e-19,0.8065084359433276,531.0227526725505,1.3049387472340647e-113,260.749890905539,2.3047193201880637e-138
MainPumpP1,LSTM,0.8875289552318881,5.3779597821302224e-33,0.24665147419376832,1.258398698346365e-88,0.7421350529456029,384.24187412108904,7.05937961577036e-82,166.7094590389516,2.5062606771264004e-94
MainPumpP1,SVR_Ajus,0.91254366377687,8.948899484938484e-30,0.14352772222966292,4.929618834346602e-30,1.5893162167036405,264.7085500872817,4.408345605637115e-56,104.9021762084371,3.947138644824872e-62
MainPumpP2,GRU,0.8711567932372004,8.279600619582706e-35,0.21772110588044957,6.085698849990589e-69,1.349745755421584,290.9496058304272,9.70194392751031e-62,117.53582811579818,5.984077111819325e-69
MainPumpP2,LSTM,0.8645095366588569,1.7146075360365078e-35,0.24380373666599706,1.4193435143025322e-86,1.2582878900168806,568.902050794508,8.318038107472436e-122,289.18317520663817,1.1217855071485361e-150
MainPumpP2,SVR_Ajus,0.8352334451579068,3.225413011750807e-38,0.274637872016651,3.809982544842344e-110,1.414977684129135,248.30916586348087,1.5059012266420642e-52,97.24780202434393,6.18364960192359e-58
