Modelo,MSE_BoxCox,MAE_BoxCox,MSE_Garch,MAE_Garch
LSTM,1265.0293248130934,35.184142611626,1281.2861887805027,35.39346317224962
GRU,1262.6965744587856,35.13453190288442,1261.4057947932856,35.12080820410009
SVR,1274.3261335470786,35.40590008092455,1274.3167364103554,35.40575307758273
