Modelo,MSE_BoxCox,MAE_BoxCox,MSE_Garch,MAE_Garch
LSTM,2627.061864012787,50.03344976234983,2580.340260087546,49.552588480001205
GRU,2584.6852260861424,49.592789043039296,2585.4729666970766,49.61830710276983
SVR,2516.0673597053315,49.33233171561456,2516.067359705332,49.33233171561456
