Bomba,Modelo,Shapiro-Wilk Statistic,Shapiro-Wilk p-value,Kolmogorov-Smirnov Statistic,Kolmogorov-Smirnov p-value,Durbin-Watson,Lagrange Multiplier Statistic,Breusch-Pagan p-value,Breusch-Pagan f-value,Breusch-Pagan f-p-value
MainPumpP1,GRU,0.9179356335158217,5.483359870058843e-29,0.3927502858386158,3.632778029994682e-229,0.8195334693636843,6.517215221338198,0.16370891187967923,2.1757425584142527,0.08902327983541687
MainPumpP1,LSTM,0.9347935233341047,3.098088358900458e-26,0.4215713720721532,1.4369422848328602e-265,0.8011971632797474,112.24116133654447,2.4206617527364962e-23,40.05582202652713,5.589920638401951e-25
MainPumpP1,SVR_Ajus,0.91254366377687,8.948899484938484e-30,0.14352772222966292,4.929618834346602e-30,1.5893162167036405,247.81776773906523,1.921537234410729e-52,97.02121586094758,8.244547440317493e-58
MainPumpP2,GRU,0.8737056354414117,1.5406189345630102e-34,0.2968568592158164,5.334861924290743e-129,1.1829751858862954,735.4364313053422,7.390990433718118e-158,442.28214692168433,1.5617421835247124e-210
MainPumpP2,LSTM,0.8627426985065092,1.1400220965888045e-35,0.31856867426826085,5.748579669400932e-149,1.4025905879626566,654.5103829762111,2.46086486617115e-140,361.45475261391755,3.4730425028626545e-180
MainPumpP2,SVR_Ajus,0.8352334451579068,3.225413011750807e-38,0.274637872016651,3.809982544842344e-110,1.414977684129135,243.53814197514623,1.6049199407591298e-51,95.05457668905213,1.0051387761592942e-56
