Modelo,MSE_BoxCox,MAE_BoxCox,MSE_Garch,MAE_Garch
LSTM,2561.761170399816,49.400795638202084,2538.4805041730287,49.13694341918146
GRU,2582.604913624593,49.59102085792864,2592.9088993226374,49.67836859400679
SVR,2516.0673597053315,49.33233171561456,2516.067359705332,49.33233171561456
