Bomba,Modelo,Shapiro-Wilk Statistic,Shapiro-Wilk p-value,Kolmogorov-Smirnov Statistic,Kolmogorov-Smirnov p-value,Durbin-Watson,Lagrange Multiplier Statistic,Breusch-Pagan p-value,Breusch-Pagan f-value,Breusch-Pagan f-p-value
MainPumpP1,GRU,0.8788395159060172,5.550254305878885e-34,0.2557870680253505,2.2163256260835408e-95,1.3803265307305213,539.7546865489104,1.6847354195532302e-115,267.1314774639119,3.647321735694011e-141
MainPumpP1,LSTM,0.8611794088823441,7.972524901514124e-36,0.22311299289601214,2.0445985131392246e-72,1.3414378841545753,424.2498232170365,1.5993946185523526e-90,190.1000366113218,8.498502731872119e-106
MainPumpP1,SVR_Ajus,0.8352334451579068,3.225413011750807e-38,0.274637872016651,3.809982544842344e-110,1.414977684129135,229.6087990789786,1.6025361710741377e-48,88.73590072799215,3.2640950529403044e-53
MainPumpP2,GRU,0.920773428485576,1.4779211364854208e-28,0.20638363828292738,6.302641029628182e-62,0.9049936424842218,661.0843748338457,9.287327643332623e-142,367.52455574943,1.478871269971016e-182
MainPumpP2,LSTM,0.9075463766080129,1.799725114113585e-30,0.15088708301914833,3.671586518307192e-33,0.8833444944802795,559.9632335366852,7.148364843847131e-120,282.29447905526143,9.868540900074632e-148
MainPumpP2,SVR_Ajus,0.91254366377687,8.948899484938484e-30,0.14352772222966292,4.929618834346602e-30,1.5893162167036405,263.58767946799765,7.688481671524595e-56,104.37322624534569,7.666841735740136e-62
