Modelo,MSE_BoxCox,MAE_BoxCox,MSE_Garch,MAE_Garch
LSTM,2569.8262321649136,49.47124880937114,2536.7094698225965,49.15189527377508
GRU,2576.6992058411815,49.5382688245267,2605.733297093243,49.77884460371228
SVR,2516.0673597053315,49.33233171561456,2516.067359705332,49.33233171561456
