Modelo,MSE_BoxCox,MAE_BoxCox,MSE_Garch,MAE_Garch
LSTM,1251.8272460846679,35.006546219274966,1256.527980398709,35.07759362631303
GRU,1263.5005139068624,35.158687706172145,1268.9481045550788,35.22880221777421
SVR,1274.3261335470786,35.40590008092455,1274.3167364103554,35.40575307758273
