Bomba,Modelo,Shapiro-Wilk Statistic,Shapiro-Wilk p-value,Kolmogorov-Smirnov Statistic,Kolmogorov-Smirnov p-value,Durbin-Watson,Lagrange Multiplier Statistic,Breusch-Pagan p-value,Breusch-Pagan f-value,Breusch-Pagan f-p-value
MainPumpP1,GRU,0.9000904762229974,1.8569067938005752e-31,0.20798833178683684,6.765717095303275e-63,0.91047184327028,394.2567152145653,4.843827895388808e-84,172.4242103441423,3.653459060358861e-97
MainPumpP1,LSTM,0.8757052179039871,2.525305120055263e-34,0.3815750210308515,7.329204408813836e-216,0.7652945131136752,153.41763848672963,3.7692365983646256e-32,56.26202777505456,1.2898278774653825e-34
MainPumpP1,SVR_Ajus,0.91254366377687,8.948899484938484e-30,0.14352772222966292,4.929618834346602e-30,1.5893162167036405,268.7638620219777,5.891550420349449e-57,106.82311593853049,3.5570617434488364e-63
MainPumpP2,GRU,0.7726300005703823,6.195991140575006e-43,0.433007050313577,7.225107230020741e-281,0.918892239846294,286.6521303128551,8.196445604169061e-61,115.43340169351882,7.99727776281786e-68
MainPumpP2,LSTM,0.8550607944276769,2.02690217628525e-36,0.23490305325591143,2.5379788886252337e-80,1.373340585310961,280.4584603750985,1.7747767056747694e-59,112.42660876952851,3.30627622171147e-66
MainPumpP2,SVR_Ajus,0.8352334451579068,3.225413011750807e-38,0.274637872016651,3.809982544842344e-110,1.414977684129135,229.46176071761207,1.7236973464814072e-48,88.66986396366396,3.5533772877934597e-53
