Modelo,MSE_BoxCox,MAE_BoxCox,MSE_Garch,MAE_Garch
LSTM,2586.8912129272685,49.65261595704122,2592.4063038322306,49.680656481131244
GRU,2600.200830038757,49.777254521487606,2587.9337398908337,49.62168471286424
SVR,2516.0673597053315,49.33233171561456,2516.067359705332,49.33233171561456
