Modelo,MSE_BoxCox,MAE_BoxCox,MSE_Garch,MAE_Garch
LSTM,2566.2814723287347,49.4593114814252,2564.3703911969415,49.37611823116177
GRU,2580.4642882450767,49.55668327281602,2572.299483757687,49.47665214432534
SVR,2516.0673597053315,49.33233171561456,2516.067359705332,49.33233171561456
