Modelo,MAE,MSE,R2
Model AR,0.8321532455394487,1.527955282295712,0.991026330023331
