Modelo,MAE,MSE,R2
SVR,10.818972848096738,211.86442937287438,-0.28930552443253754
SVR,7.990059223823779,105.7422465514359,0.3565032929396075
GRU,9.674847850163326,166.15480045399144,-0.010993717385972879
LSTM,10.79751184673323,169.22989590176297,-0.029704595251461408
