Bomba,Modelo,Shapiro-Wilk Statistic,Shapiro-Wilk p-value,Kolmogorov-Smirnov Statistic,Kolmogorov-Smirnov p-value,Durbin-Watson,Lagrange Multiplier Statistic,Breusch-Pagan p-value,Breusch-Pagan f-value,Breusch-Pagan f-p-value
MainPumpP1,GRU,0.8611103093822157,7.848071979947431e-36,0.2965787444273037,9.395711470050784e-129,2.8736186098415626,240.8515880254525,6.08209407738342e-51,93.82613513386264,4.811405163743892e-56
MainPumpP1,LSTM,0.9292001418611345,3.3328487259762894e-27,0.3551278844542315,3.973152868695142e-186,2.4850758638201764,477.39109040176186,5.193998585386747e-102,223.647596642284,1.2447614421686184e-121
MainPumpP1,SVM,0.8935378824596317,2.80891066238436e-32,0.5371537121063906,0.0,0.26002054858961376,1411.2605051708108,2.4995812881186004e-304,3302.648946394625,0.0
MainPumpP1,SVR_Ajus,0.8935378824596317,2.80891066238436e-32,0.5371537121063906,0.0,0.26002054858961376,1411.2605051708108,2.4995812881186004e-304,3302.648946394625,0.0
MainPumpP2,GRU,0.8890727151287839,8.16791449658622e-33,0.26227375168997374,2.462335194264594e-100,0.5736602048472601,875.9114802726817,2.7584141597586328e-188,622.9758570301259,2.8348275832413807e-270
MainPumpP2,LSTM,0.8804899251476769,8.457261262438791e-34,0.12136416016904594,1.4242085638355776e-21,0.6267007063807993,695.1906833529447,3.833387778508984e-149,400.36383843491706,4.069926481870736e-195
MainPumpP2,SVM,0.9398627868532922,2.661564999428574e-25,0.17352632913517668,8.701528887473932e-44,0.9912500035771791,555.6790285832315,6.042079092948291e-119,279.03293575602663,2.4934645990009394e-146
MainPumpP2,SVR_Ajus,0.9398627868532922,2.661564999428574e-25,0.17352632913517668,8.701528887473932e-44,0.9912500035771791,555.6790285832315,6.042079092948291e-119,279.03293575602663,2.4934645990009394e-146
