Bomba,Modelo,Shapiro-Wilk Statistic,Shapiro-Wilk p-value,Kolmogorov-Smirnov Statistic,Kolmogorov-Smirnov p-value,Durbin-Watson,Lagrange Multiplier Statistic,Breusch-Pagan p-value,Breusch-Pagan f-value,Breusch-Pagan f-p-value
MainPumpP1,GRU,0.9325969801927475,1.2691942768372342e-26,0.09661970879537946,8.097161387144896e-14,1.2056036789783482,361.62919953845454,5.405623910853207e-77,154.13407572962916,5.254072464616484e-88
MainPumpP1,LSTM,0.9236193178864326,4.108216170289059e-28,0.3587937863524404,4.194982446497405e-190,1.1719380731182063,13.884262551682516,0.007673751928194704,4.65613287972522,0.003025265197882349
MainPumpP1,SVR_Ajus,0.91254366377687,8.948899484938484e-30,0.14352772222966292,4.929618834346602e-30,1.5893162167036405,251.2447502122542,3.5108004336194644e-53,98.60474311184288,1.106702892488264e-58
MainPumpP2,GRU,0.8611869212169669,7.986176529700373e-36,0.3747383485430403,6.107270720468847e-208,1.3013972890063559,54.88073579603503,3.441397592285067e-11,18.8789376723006,4.872264736765941e-12
MainPumpP2,LSTM,0.8187182335933632,1.3785811565343663e-39,0.26651121759786134,1.2119688806271688e-103,0.9143956635759822,498.0526359251341,1.766973293120758e-106,237.53033520487293,5.522855136846808e-128
MainPumpP2,SVR_Ajus,0.8352334451579068,3.225413011750807e-38,0.274637872016651,3.809982544842344e-110,1.414977684129135,216.19409158775176,1.2355561657670241e-45,82.76713261209419,7.28092806487322e-50
