Modelo,MSE_BoxCox,MAE_BoxCox,MSE_Garch,MAE_Garch
LSTM,2542.177580570268,49.187768946316524,2580.2703418491246,49.5646892663225
GRU,2603.6065045584314,49.765886304299826,2585.541545821371,49.62963093623541
SVR,2516.0673597053315,49.33233171561456,2516.067359705332,49.33233171561456
