Modelo,MSE_BoxCox,MAE_BoxCox,MSE_Garch,MAE_Garch
LSTM,2588.5158647478484,49.62908441353392,2567.6638845599787,49.46043738932315
GRU,2575.9266565117223,49.50417368866963,2568.3812310928633,49.44877114330166
SVR,2516.0673597053315,49.33233171561456,2516.067359705332,49.33233171561456
