Modelo,MSE_BoxCox,MAE_BoxCox,MSE_Garch,MAE_Garch
LSTM,1248.1633291721187,34.94364920746197,1269.8670882326667,35.262816132836164
GRU,1257.0936706619796,35.05811286074593,1281.9814019589476,35.38988625263785
SVR,1274.3261335470786,35.40590008092455,1274.3167364103554,35.40575307758273
