Modelo,MSE_BoxCox,MAE_BoxCox,MSE_Garch,MAE_Garch
LSTM,2573.6219150600123,49.5055959845205,2595.2512452570318,49.7081633150492
GRU,2602.9834234635337,49.7761022374825,2573.210913543215,49.49323057040594
SVR,2516.0673597053315,49.33233171561456,2516.067359705332,49.33233171561456
