Bomba,Modelo,Shapiro-Wilk Statistic,Shapiro-Wilk p-value,Kolmogorov-Smirnov Statistic,Kolmogorov-Smirnov p-value,Durbin-Watson,Lagrange Multiplier Statistic,Breusch-Pagan p-value,Breusch-Pagan f-value,Breusch-Pagan f-p-value
MainPumpP1,GRU,0.880635868506623,8.780133153195548e-34,0.27027314883113573,1.2570825930005952e-106,0.7346640505399273,329.7126217956043,4.2028691721786494e-70,137.1204552790658,2.8447940975582174e-79
MainPumpP1,LSTM,0.9273555839686127,1.6458779075361115e-27,0.23334406965740617,2.981450720070637e-79,1.25849996770294,722.2165661267745,5.388945050371162e-155,428.1096161568274,2.1455329275359848e-205
MainPumpP1,SVR_Ajus,0.91254366377687,8.948899484938484e-30,0.14352772222966292,4.929618834346602e-30,1.5893162167036405,269.31741874836365,4.4762389255072525e-57,107.08620583196013,2.559633120526304e-63
MainPumpP2,GRU,0.8715988529656877,9.214593089704557e-35,0.29699194031578924,4.0517623155225275e-129,1.337171212735975,630.6504529320337,3.5985535396620754e-135,340.0857216833833,1.0345802324825489e-171
MainPumpP2,LSTM,0.8595017868999544,5.4508867202938313e-36,0.3175210497748716,5.734950759737189e-148,1.201657897732146,85.54093300259103,1.164671867753542e-17,30.004564622852644,6.97373731891059e-19
MainPumpP2,SVR_Ajus,0.8352334451579068,3.225413011750807e-38,0.274637872016651,3.809982544842344e-110,1.414977684129135,230.8593186483622,8.621831564260164e-49,89.29807972142873,1.5847558416780265e-53
