Modelo,MSE_BoxCox,MAE_BoxCox,MSE_Garch,MAE_Garch
LSTM,1264.1055694586564,35.172034062676246,1250.4556159169956,34.98804950816109
GRU,1263.691518450781,35.15598695239918,1265.1864829824192,35.186435544809555
SVR,1274.3261335470786,35.40590008092455,1274.3167364103554,35.40575307758273
