Modelo,MSE_BoxCox,MAE_BoxCox,MSE_Garch,MAE_Garch
LSTM,2554.2412685380123,49.34718099095387,2591.2553734882154,49.63017833968318
GRU,2575.8157869660085,49.516594394857606,2609.433562951679,49.82722120880226
SVR,2516.0673597053315,49.33233171561456,2516.067359705332,49.33233171561456
