Modelo,MSE_BoxCox,MAE_BoxCox,MSE_Garch,MAE_Garch
LSTM,1252.580070904714,35.003027250805005,1247.370449001346,34.93571461190514
GRU,1267.28626642377,35.20638436531638,1266.8381621493825,35.18895723360745
SVR,1274.3261335470786,35.40590008092455,1274.3167364103554,35.40575307758273
