Modelo,MSE_BoxCox,MAE_BoxCox,MSE_Garch,MAE_Garch
LSTM,2551.4341000064624,49.36047610008563,2637.985218837344,50.1062827604573
GRU,2579.431744503439,49.53428673497915,2559.1434514805583,49.36059515931172
SVR,2516.0673597053315,49.33233171561456,2516.067359705332,49.33233171561456
