Modelo,MSE_BoxCox,MAE_BoxCox,MSE_Garch,MAE_Garch
LSTM,1267.294311050597,35.22545343809587,1232.3040569251082,34.72873915045019
GRU,1274.5701246925148,35.31164881022856,1273.559817535667,35.299137603152886
SVR,1274.3261335470786,35.40590008092455,1274.3167364103554,35.40575307758273
