Modelo,MAE,MSE,R2
Correlação,0.019280338615951707,0.0008960887671195437,0.9905752504590761
